Customer ID,Customer Name,Age,Email,Address,Phone Number,Income,Product ID
87-2919006,Eli De Vile,,ede0@biglobe.ne.jp,344 Surrey Crossing,435-871-1657,229021,46-2732354
56-9876147,Ginevra Karolowski,73,gkarolowski1@soup.io,10489 Burrows Plaza,602-996-8547,28218,07-4959214
73-2941955,Cristiano McNeish,83,cmcneish2@ox.ac.uk,136 Pleasure Place,112-911-8373,271271,69-8808573
83-9114467,Lucias Odams,28,lodams3@reuters.com,289 Dottie Court,248-853-7200,6749,
42-9271721,Upton Mounsie,84,umounsie4@samsung.com,1 Helena Center,323-424-3770,483628,33-1257533
75-4953322,Jeannette Gatley,50,jgatley5@auda.org.au,,629-909-9936,,56-9365892
74-5488660,Nevsa Dredge,17,ndredge6@illinois.edu,84382 Heath Avenue,349-567-8614,404027,20-4396570
27-6531689,Emeline Helks,48,ehelks7@vk.com,4244 Aberg Plaza,742-414-6096,398638,48-8088580
04-0366460,Kaycee Ridde,42,kridde8@walmart.com,4 Sherman Lane,832-836-5327,329651,06-5948226
58-7694747,Chrissie Tripp,56,ctripp9@answers.com,645 Hovde Street,710-368-9310,,99-2939935
83-5565966,Stace Lince,19,slincea@yellowbook.com,580 Sauthoff Center,505-531-4977,,41-4272436
81-2423872,Jackelyn Westcott,30,jwestcottb@i2i.jp,,722-483-9733,347711,79-4564236
37-2723236,Dare Connachan,88,dconnachanc@seesaa.net,7 Hintze Junction,720-774-3746,178977,81-3582531
31-7669435,Jameson Toolin,17,jtoolind@bandcamp.com,67 South Lane,126-173-2557,,93-0679435
97-8722080,Jermain Coulter,,,2 Scofield Park,582-890-3965,264730,17-5999723
22-0819003,Deana Spandley,39,,51 Bay Avenue,206-608-8410,295836,80-1464757
09-1327795,Goldi Scrinage,87,,58 Meadow Ridge Plaza,177-753-8294,574953,34-4720533
30-7033319,Giana Kennifick,31,gkennifickh@npr.org,88 Dryden Hill,215-405-8708,61380,14-9553949
18-5267292,Zorine Facchini,56,zfacchinii@mac.com,3 Nevada Pass,960-394-2956,617384,63-4506244
84-2749944,Sorcha Fillon,56,sfillonj@bandcamp.com,945 Center Road,151-477-7437,568898,41-8539672
52-9361646,Nertie Vondrak,,nvondrakk@sfgate.com,869 Nova Street,196-361-7877,584464,90-8515957
47-3111844,Averil Carme,49,acarmel@delicious.com,5299 Bunting Park,246-979-6912,,14-8113708
10-0570304,Thalia Crutchley,18,tcrutchleym@blogspot.com,,885-583-1926,,19-9981611
54-9449404,Albertine Martlew,75,amartlewn@economist.com,4 Hazelcrest Center,324-456-9387,251464,54-4818056
54-4180693,Luke Mulvenna,30,lmulvennao@nymag.com,34586 Dorton Park,289-768-6178,19595,67-8605069
61-6271929,Leigh Lochrie,65,llochriep@booking.com,69 Bluejay Terrace,801-694-5047,637732,10-2615476
85-9154463,Verine Yarrow,,vyarrowq@baidu.com,042 Donald Point,186-823-4440,72216,95-2813871
37-9310844,Gretna Eayres,55,geayresr@marketwatch.com,9 Eastlawn Terrace,486-143-2586,534380,24-9091856
69-1536365,Thacher McGray,66,tmcgrays@baidu.com,919 Mendota Street,861-655-0846,319535,
36-7264422,Lauren Kindley,16,,32 Warner Drive,123-322-7216,532743,80-3972075
58-3166132,Brandea Follitt,38,bfollittu@wordpress.org,0986 Duke Trail,828-871-5882,89538,54-9539738
86-6007591,Thomasine Glabach,87,tglabachv@reverbnation.com,499 Dapin Alley,794-152-1461,384290,10-9822345
51-2817674,Scottie Ros,,srosw@g.co,33087 Esch Lane,152-664-3112,341113,07-7882623
70-7411062,Rozalie Leney,44,rleneyx@1und1.de,02 Kingsford Junction,200-537-9808,,37-5391482
05-2671658,Mitchael Girodier,46,mgirodiery@patch.com,30 Logan Trail,138-957-2311,191881,66-1588380
41-8231958,Shelly MacAndie,53,smacandiez@npr.org,,101-530-9961,84948,18-0899742
85-3082531,Raffaello Wincom,57,rwincom10@spiegel.de,8677 Tennyson Lane,156-450-6195,405205,24-1570462
97-0217405,Alick Biddle,71,abiddle11@cbsnews.com,5222 Hoffman Junction,445-302-5677,,
85-8790015,Hobie Cheine,22,hcheine12@earthlink.net,961 Service Place,746-335-1264,221629,30-5824112
34-2108158,Hector McLemon,25,hmclemon13@japanpost.jp,57 Union Road,761-737-5357,,90-9162009
84-6665855,Lari Gregoraci,45,lgregoraci14@twitter.com,19993 Dovetail Way,921-625-8863,254922,61-7086227
07-6627594,Mort Spearman,56,mspearman15@msu.edu,49 Superior Street,500-326-6642,435948,62-2500038
20-6964744,Emmalynne Tiner,21,etiner16@yolasite.com,351 International Drive,920-191-5760,,15-4920204
22-9024599,Toddy Thridgould,62,tthridgould17@vinaora.com,4 Del Sol Terrace,866-369-2362,640339,28-6635779
88-0494763,Feodora Legrand,,flegrand18@blogger.com,23038 Lighthouse Bay Lane,783-870-0398,572636,08-2371798
48-1823712,Davidson O'Lennachain,77,dolennachain19@google.it,2 Di Loreto Street,203-334-7667,584881,22-1084745
11-5457304,Carol Imloch,47,cimloch1a@wordpress.org,42 Duke Park,903-641-8390,,45-9898962
49-7704560,Anthiathia Tumioto,87,atumioto1b@linkedin.com,37 Surrey Parkway,321-393-1236,,03-7502449
29-2538583,Dacia D'Antuoni,19,ddantuoni1c@ucsd.edu,541 Stang Plaza,146-820-0978,642748,87-4417301
40-9700420,Laurene Haggie,61,lhaggie1d@cloudflare.com,78604 Carey Pass,393-898-4507,165657,16-7662538
61-6178082,Steve Petel,,spetel1e@blogger.com,7625 Swallow Court,202-652-1714,405465,86-6678192
50-1068248,Bathsheba Feathers,33,bfeathers1f@washingtonpost.com,3 Vernon Park,796-671-7403,,
00-8752952,Marya O' Hern,78,mo1g@ucoz.com,4 Donald Parkway,582-600-0741,,47-7645336
39-2678831,Warde Caldeiro,81,wcaldeiro1h@issuu.com,1 Fisk Center,775-547-6274,546096,03-6192510
87-2585602,Catherine Gaber,53,cgaber1i@newsvine.com,8 Hallows Center,140-949-8897,105754,
10-2144930,Farra Charnley,,fcharnley1j@sciencedaily.com,413 Mccormick Plaza,572-291-0730,445070,94-6894206
30-2475210,Collin Newbatt,17,cnewbatt1k@quantcast.com,7 Sommers Road,362-781-6334,514401,
83-3126875,Martie Kiddie,47,mkiddie1l@oakley.com,620 Crescent Oaks Court,420-173-6417,637855,58-8848934
16-3514444,Odie Lingwood,18,olingwood1m@simplemachines.org,574 Eagan Place,748-366-5280,651894,52-9679428
27-0719017,Collin Braunds,53,cbraunds1n@alibaba.com,0 Lunder Way,613-804-9341,596901,38-4449128
61-5706656,Budd Gunton,41,bgunton1o@imdb.com,,696-703-7929,,81-3766551
19-3918745,Dav Vinall,61,dvinall1p@newyorker.com,44200 Anniversary Circle,955-715-9293,652809,60-2114347
49-7207269,Lydia McGauhy,79,,33120 Center Plaza,959-490-5545,,59-3857887
44-3770400,Vassily Mendoza,66,vmendoza1r@wikia.com,7785 Dahle Park,359-295-6853,54672,75-1000427
93-9875868,Dniren McNelis,16,dmcnelis1s@fda.gov,49 Eggendart Park,678-168-3955,154209,25-0122970
11-7135072,Blisse Spawell,44,bspawell1t@goo.gl,8458 Shasta Street,720-655-7845,646952,46-2022320
29-5200453,Christa Dumbrill,83,cdumbrill1u@over-blog.com,838 Rieder Lane,261-426-1271,,20-3169461
78-4725007,Hakeem Tetley,20,htetley1v@trellian.com,04040 Hazelcrest Point,641-316-6608,272908,44-2931596
12-5503157,Lauree Sarton,59,,021 Ronald Regan Alley,587-565-4288,,30-6022603
34-3081952,Lothaire Strotton,83,lstrotton1x@ted.com,619 Reindahl Street,332-721-7006,295227,04-5292641
30-2756168,Georg Rizzotto,86,grizzotto1y@biblegateway.com,806 Corscot Way,906-289-9082,492054,48-9540310
13-4958855,Ugo Coning,,uconing1z@weather.com,17 Ridgeview Park,856-744-9483,,
57-3429810,Brana Lemerie,51,blemerie20@icio.us,8 Morningstar Avenue,379-902-7989,276766,81-7855271
21-8487113,Corrie Burgan,25,cburgan21@loc.gov,0335 Melby Road,522-634-7367,567830,13-6182648
31-7493614,Maible Ogle,48,mogle22@cdbaby.com,6 Truax Center,730-723-8887,404177,
26-3549653,Eimile Manilove,88,emanilove23@yellowpages.com,16 Hovde Place,646-870-8703,98011,73-3740707
31-1035905,Sianna Vynarde,80,svynarde24@ocn.ne.jp,569 Becker Place,934-419-1934,,
62-9429896,Nerta Dunkinson,66,ndunkinson25@nps.gov,293 Nobel Circle,646-363-7522,206940,30-6824295
36-1802950,Ted McKechnie,83,tmckechnie26@stumbleupon.com,943 Golf Course Lane,595-330-2130,567137,11-8659287
98-3411103,Florinda Itzchaki,25,,0 Columbus Court,887-789-8143,474004,85-1849180
35-8811293,Sheryl Totterdill,52,,39 Magdeline Park,429-339-6120,278315,91-7433306
92-5601128,Aeriel Edgin,71,aedgin29@liveinternet.ru,85505 Westport Pass,377-729-2268,88887,38-4430268
53-2501718,Sheela Garmans,,sgarmans2a@youtu.be,34121 Manley Pass,356-185-5990,5315,74-0876658
35-2796876,Marlo Bavister,88,mbavister2b@lulu.com,4465 Forest Run Parkway,770-962-6506,,91-1529812
43-3797456,Kaycee Gimert,,kgimert2c@jugem.jp,7 Rowland Center,567-566-7928,396610,91-8452380
61-9451150,Elsinore Bellin,49,ebellin2d@webmd.com,6 Vermont Alley,334-187-1450,299498,36-9245592
74-6330638,Andrei Ranyard,70,aranyard2e@europa.eu,1 Eastwood Terrace,126-129-4033,,66-4336876
94-3904641,Nilson Barhams,,nbarhams2f@mozilla.org,39 Spaight Park,988-864-6783,,38-9163735
03-4292769,Bryn Lapre,43,blapre2g@oracle.com,028 Mesta Crossing,810-794-6580,,08-2002319
40-3324116,Lilias Wharmby,,lwharmby2h@meetup.com,38 Erie Circle,510-669-9217,287817,73-0542985
91-5164482,Marnia Ewington,,mewington2i@arstechnica.com,7 Maywood Parkway,590-540-7455,,91-2009960
61-0740973,Doy Vondracek,28,dvondracek2j@storify.com,,501-761-2258,246012,43-6466317
11-8316178,Elaina Vonderdell,75,evonderdell2k@sphinn.com,177 Independence Drive,437-242-5992,380628,35-1836133
67-1317299,Gayel Guppie,71,gguppie2l@fotki.com,829 Blaine Hill,954-350-4087,25553,71-0319582
87-4931154,Ulric Bettinson,74,ubettinson2m@nih.gov,1 Oak Plaza,793-964-6594,432283,04-3960497
79-2984970,Fernanda Brockley,79,fbrockley2n@posterous.com,0 Glendale Drive,318-185-3736,378614,41-6623714
39-0995249,Chrissy De Metz,53,cde2o@hao123.com,8 Hanson Terrace,993-470-3344,52423,21-2435031
82-5303152,Breanne Blaase,46,bblaase2p@blogger.com,1507 Schurz Lane,155-979-3720,407960,15-8291991
71-0372743,Alyse Scullard,67,ascullard2q@netscape.com,,929-569-3341,275267,92-9788723
58-5393945,Fifine Salasar,85,fsalasar2r@addthis.com,907 Morningstar Park,953-127-8473,452880,87-0576421
06-6916279,Chandler Juszkiewicz,53,cjuszkiewicz2s@naver.com,87249 Morning Trail,467-922-7080,,29-6717258
29-1377593,Rosella Belloch,,rbelloch2t@latimes.com,41824 Scott Parkway,593-138-6945,,68-5651065
53-6099727,Rob Marcinkowski,22,rmarcinkowski2u@hp.com,15 Kingsford Crossing,907-461-6288,191553,
56-7818121,Marshal Kirgan,74,mkirgan2v@phoca.cz,23842 Bashford Hill,274-500-3651,523916,
23-9070226,Deonne Lowndesbrough,44,dlowndesbrough2w@apache.org,0 Rutledge Avenue,540-586-4678,518995,14-6980170
30-6067665,Donnamarie Dollman,73,ddollman2x@wikia.com,,581-716-4810,48860,07-6578046
15-2928387,Kaiser Georgiev,,,,936-665-4479,465940,87-4508805
09-6272934,Marv Brotherick,32,mbrotherick2z@deviantart.com,3347 Warbler Plaza,695-573-7368,150109,20-6327313
36-2787829,Selestina Ralston,37,sralston30@psu.edu,,826-750-9169,,92-1832780
83-0672419,Iorgo Zamorano,,izamorano31@adobe.com,82014 Scofield Plaza,382-480-4020,425030,07-4304705
79-6139455,Kerianne Cocksedge,67,kcocksedge32@lulu.com,14733 Old Gate Alley,300-937-7775,546939,83-9491892
25-4372164,Calley Churchward,76,,082 Elka Center,218-181-2549,568371,29-4851279
11-9946364,Philip Verling,78,pverling34@zimbio.com,29230 Sommers Junction,336-648-6129,654998,30-3560576
36-9478955,Katha Lorence,43,klorence35@posterous.com,69007 Londonderry Alley,989-813-5638,55349,
40-7650285,Jacinda Berntssen,37,jberntssen36@elegantthemes.com,7 Cardinal Place,657-711-8437,324225,04-8183435
00-0992467,Daveta Rudeforth,,drudeforth37@fastcompany.com,8510 North Terrace,255-709-5697,51888,81-6923732
81-1757841,Terza Sphinxe,61,tsphinxe38@twitter.com,322 Shelley Lane,906-424-7674,548618,12-4966590
83-1790014,Klement Bakewell,17,kbakewell39@list-manage.com,07858 Melody Plaza,753-400-8858,,46-5223292
53-5000016,Baily Huban,75,bhuban3a@tripod.com,235 Hayes Junction,106-105-1657,,70-8702362
18-7905757,Denny Meaking,37,dmeaking3b@amazon.com,1 Starling Street,471-997-0854,259211,01-2264632
58-8165221,Lilith Crossley,56,lcrossley3c@timesonline.co.uk,654 Wayridge Avenue,246-619-9601,526104,15-5012122
95-4911723,Astra Poore,64,apoore3d@altervista.org,3664 Mandrake Alley,755-986-7420,8752,80-6812822
05-8699108,Leontyne Terrazzo,58,,1318 Sutherland Parkway,975-810-1292,337877,06-5762092
01-8595438,Lucie Jahan,68,ljahan3f@51.la,36 West Alley,291-399-4764,307262,
71-6289819,Iggy Sate,,isate3g@arizona.edu,,199-793-8171,,32-4221148
00-5151670,Priscella Buney,68,pbuney3h@rediff.com,6 Dawn Lane,140-959-1939,16617,23-6021796
41-1858859,Pansie Birkinshaw,54,pbirkinshaw3i@marketwatch.com,22321 Waxwing Lane,571-757-7495,444359,13-1525908
52-3231036,Nance Kuhlen,75,nkuhlen3j@indiatimes.com,8 Meadow Valley Crossing,880-937-6346,620278,01-6645527
56-5783416,Carlo Elce,55,,2 Colorado Terrace,904-571-6337,21609,35-5381244
98-7278185,Ky Dumper,,kdumper3l@goo.gl,483 Tony Hill,462-181-5963,,99-0278295
55-0136860,Ailsun Lofthouse,61,,,769-758-5687,496424,28-5101799
17-3691011,Goddard Greenrde,22,ggreenrde3n@de.vu,10422 Clove Place,987-469-0938,293521,03-2528625
89-4319703,Durand Mears,33,dmears3o@msu.edu,480 Arapahoe Way,505-562-4156,288439,72-3465467
20-1358319,Montgomery Evensden,88,mevensden3p@google.de,00 Bobwhite Street,169-216-5120,405763,42-5663259
52-6725560,Monroe Osgerby,48,mosgerby3q@hc360.com,03 Sachtjen Trail,183-425-9229,39759,72-1440567
80-8463724,Lief MacGettigen,36,lmacgettigen3r@netscape.com,90 Sunbrook Way,211-370-0590,215836,99-0269178
73-9426860,Kris Cuberley,33,kcuberley3s@reference.com,0 Autumn Leaf Pass,618-820-5450,53739,56-8191617
61-7751905,Dre Gerritzen,61,dgerritzen3t@prnewswire.com,71292 Toban Park,392-551-9491,62840,46-3112702
48-6254706,Gaven Sisland,29,gsisland3u@squidoo.com,3 Annamark Crossing,444-656-2315,,40-1634672
19-4778260,Elsbeth Keward,29,ekeward3v@twitpic.com,520 Rigney Road,201-263-7073,77683,65-2143593
61-5525966,Othilie Spatig,46,ospatig3w@t.co,9327 Bashford Circle,465-927-1310,,56-4996263
57-9284090,Adolphus Roffe,32,aroffe3x@sitemeter.com,48604 Longview Drive,998-722-1419,,01-4712122
50-7043405,Roby Keppie,47,rkeppie3y@oracle.com,230 Bowman Court,979-798-1984,120854,08-8870503
64-7456554,Cathrine Beynkn,55,cbeynkn3z@hugedomains.com,,268-310-4509,,
47-5134780,Gilburt Pearne,50,gpearne40@acquirethisname.com,436 Bluestem Park,980-554-5585,378097,97-9801329
78-9174754,Margeaux Boulsher,44,mboulsher41@psu.edu,3360 Logan Point,506-847-9386,,78-5795832
59-1136940,Aimee Staples,27,astaples42@blog.com,4 Park Meadow Point,746-955-7496,627327,52-8743924
69-1395318,Billye Corpes,37,bcorpes43@cbc.ca,475 Springs Avenue,768-907-6723,374611,33-2159547
40-0861056,Zandra Elkin,,zelkin44@hc360.com,0 Melrose Court,957-531-1576,531642,93-5837678
61-3434187,Nickey Gouldthorp,34,ngouldthorp45@earthlink.net,484 Oriole Street,922-775-9059,,64-8015178
08-5409183,Masha Frith,61,mfrith46@disqus.com,786 Harper Drive,795-337-9802,,65-2889948
04-8711631,Elena Murphy,36,,65 Emmet Lane,848-362-1156,,01-5025464
94-1318292,Daphene Dickins,61,ddickins48@fotki.com,9 Superior Court,620-262-7133,279025,23-6352202
77-6065206,Elayne Wynrehame,,ewynrehame49@nba.com,8974 Kim Hill,290-343-5334,376074,10-7139629
61-1727002,Melessa Gurery,17,mgurery4a@cbc.ca,264 Northridge Trail,945-587-0616,,47-6123044
06-0701241,Any Benettolo,19,abenettolo4b@virginia.edu,845 Kipling Court,203-768-1893,321973,65-4961710
63-7571475,Foster Sigart,22,fsigart4c@unc.edu,13 Drewry Way,308-323-3943,546504,01-0265066
81-9017957,Reinaldos Cranson,39,rcranson4d@mac.com,233 Susan Plaza,253-859-8068,396498,12-8063260
42-9439685,Steffi Zuppa,23,szuppa4e@devhub.com,8487 Lighthouse Bay Street,634-298-0589,78643,88-0030065
90-1384103,Ezra Theakston,38,etheakston4f@youtu.be,7 Summer Ridge Place,276-989-7777,42324,58-8039109
41-6210171,Ediva Relf,41,erelf4g@nasa.gov,,983-204-2267,,92-0205077
48-3264416,Lyell Heiden,48,lheiden4h@dmoz.org,8099 Superior Way,597-379-0326,220409,29-7901289
47-3064579,Charissa Wilderspoon,63,,228 Dunning Park,696-586-4372,416410,03-1873811
02-1949155,Letizia Caush,52,lcaush4j@icq.com,450 Crest Line Street,520-476-9620,,76-7732198
04-6890598,Renelle Jacklin,16,rjacklin4k@businessinsider.com,285 Stephen Lane,904-766-4924,,92-0330466
75-1301514,Link Farre,30,lfarre4l@comsenz.com,894 Grover Drive,769-532-6675,652357,17-8364047
59-1652828,Leanor Ivett,,livett4m@ted.com,,148-939-9008,80027,
63-2710573,Eddy Tappington,79,etappington4n@sourceforge.net,7802 American Avenue,148-201-9799,,60-5981263
56-6143883,Dulci Santello,69,dsantello4o@imgur.com,20 Eagan Crossing,202-343-5568,324702,78-3035590
87-9817288,Karin Chevalier,39,kchevalier4p@ft.com,33257 Northport Street,425-170-0864,507183,22-4135809
79-0997292,Verne Hessentaler,,vhessentaler4q@1688.com,058 Northridge Crossing,909-144-4942,121702,30-1546830
55-3738295,Meg Pavitt,23,mpavitt4r@shareasale.com,87 Vermont Crossing,709-248-8832,566905,55-3562770
48-7687670,Joya Bordes,20,jbordes4s@soundcloud.com,6171 Dahle Alley,581-968-4792,51275,04-3242567
66-4183715,Eugine Drynan,73,edrynan4t@twitpic.com,1822 North Plaza,539-926-1963,566660,
13-2001115,Chadd Doring,74,cdoring4u@ezinearticles.com,03 Ridgeway Circle,779-394-3157,103090,
02-6751627,Ester Garlick,42,egarlick4v@paginegialle.it,42 Heath Junction,323-101-2467,,02-8346073
43-0422224,Laurianne Tryhorn,55,ltryhorn4w@miitbeian.gov.cn,0753 Pierstorff Center,506-794-2384,179652,94-6047579
92-2552221,Helsa Yearnes,,hyearnes4x@dailymail.co.uk,8 Springs Terrace,340-698-0557,,67-1307089
91-1440355,Odetta Doxsey,30,odoxsey4y@odnoklassniki.ru,535 Graceland Junction,543-595-0157,154953,
65-4983822,Corny Marklow,49,cmarklow4z@360.cn,09 Morningstar Terrace,322-122-3877,73856,
83-8240132,Durward Espinheira,,,85440 Sundown Crossing,216-248-9634,346810,89-6877201
22-8576250,Son Vigar,48,svigar51@tinyurl.com,9803 Sugar Terrace,519-864-6884,531623,31-3048214
72-5684800,Caralie Tolliday,17,ctolliday52@wsj.com,9 Myrtle Hill,577-992-7244,403925,97-3302789
91-7154333,Niel Bartolomeotti,23,nbartolomeotti53@senate.gov,,596-624-8977,362564,09-5568894
07-8177018,Helaine Gaylor,56,hgaylor54@vinaora.com,2326 Havey Drive,933-259-1421,,03-8548820
97-3228831,Fifi Ledner,,fledner55@squarespace.com,797 Golden Leaf Circle,296-300-9516,132338,24-7327323
97-0956833,Carole Schuster,48,cschuster56@altervista.org,,163-963-8752,,59-2495427
43-2812888,Isabeau Arnould,73,iarnould57@wiley.com,4885 Bobwhite Park,828-592-3024,650251,24-8974233
60-5341941,Hilde Wannes,76,hwannes58@bbb.org,48 Division Terrace,951-264-5760,151792,08-7280182
56-6812481,Glenn Frenzl,34,gfrenzl59@slideshare.net,4 Forest Circle,348-451-2239,487405,
68-0663997,Leonie Kidds,38,lkidds5a@facebook.com,79768 Michigan Lane,825-797-8463,437144,74-9459740
58-8486221,Ninon Balchen,24,nbalchen5b@harvard.edu,46 Leroy Parkway,335-100-4424,344737,42-4267767
09-1782865,Palmer Rafferty,52,prafferty5c@skype.com,5 Larry Road,754-477-8960,196940,65-5090224
17-0776315,Bellanca Ick,,bick5d@google.com.au,,594-656-2355,399763,09-2785549
84-0724575,Tamera Eddoes,66,teddoes5e@constantcontact.com,7183 Atwood Road,567-991-1255,,83-7310742
94-2744588,Una Roles,24,,57100 Cascade Park,281-381-4499,488419,76-6280863
19-6588783,Lammond McGilvary,45,lmcgilvary5g@sina.com.cn,,920-542-3599,,52-6345524
83-3631997,Kylie Simeone,77,ksimeone5h@youku.com,0 Dawn Road,186-337-3242,,27-1897796
24-5238347,Bobbi Cocking,73,,81348 Mallard Way,180-145-0431,572687,10-4030711
70-4105341,Dorine Kingsworth,59,dkingsworth5j@pbs.org,29 Ridge Oak Place,249-726-1204,224149,25-8608682
76-6805033,Judy Lowther,53,jlowther5k@soundcloud.com,4180 Kennedy Center,507-540-7510,589937,56-7642860
03-4868325,Margareta Beedom,79,mbeedom5l@hc360.com,76459 Sunfield Way,761-830-9327,,28-1351046
18-6178509,Lesli Enticknap,64,lenticknap5m@weebly.com,1340 Lien Drive,277-357-6017,614619,08-9713688
26-0878098,Alida Saulter,86,asaulter5n@ihg.com,68 Esch Alley,376-634-0897,485722,96-4095166
73-5733924,Randall Priddie,31,,2 Butterfield Way,704-318-1244,315084,52-7185295
75-6637976,Godwin Babbidge,87,gbabbidge5p@cbslocal.com,8736 Bluejay Road,265-307-3955,88171,
72-8437140,Filmore Lathee,85,flathee5q@cocolog-nifty.com,8414 Sachs Park,276-439-5338,611265,56-4895787
38-1654624,Hinda Wauchope,33,hwauchope5r@soundcloud.com,4511 Warner Parkway,291-744-6567,56290,50-4205480
54-1245311,Warren Reynalds,82,,58 Farmco Plaza,206-345-9088,307762,49-4654490
29-7961762,Coralyn Rubinsohn,38,crubinsohn5t@stumbleupon.com,3 Sauthoff Road,363-230-0618,278069,07-2511190
95-2856206,Siffre Assad,71,sassad5u@unicef.org,586 Namekagon Court,434-183-2533,566341,37-3090745
96-7104020,Kerk Fenwick,55,kfenwick5v@alibaba.com,3 Fisk Lane,622-593-5041,49595,94-9670641
21-5461870,Myrtice Poore,76,mpoore5w@sina.com.cn,0 Glendale Avenue,840-122-2018,431085,85-2077128
36-4495977,Randy Spata,34,rspata5x@europa.eu,71926 New Castle Hill,174-666-2459,,50-4045120
96-7671844,Connie Philippault,51,cphilippault5y@symantec.com,38 Elgar Parkway,825-592-3606,,90-8438412
07-5730802,Mylo Yirrell,16,myirrell5z@sakura.ne.jp,38013 Dottie Drive,425-460-7259,,21-5116410
30-8841250,Kala Payton,52,kpayton60@opera.com,,141-937-0136,,
06-6844401,Eloise Henzley,72,ehenzley61@feedburner.com,2363 American Ash Court,122-370-9216,36575,36-5233992
54-4662321,Vin Sickamore,88,vsickamore62@pen.io,26758 Coleman Street,762-658-7453,339723,23-3594889
59-2813080,Jerald Lowthorpe,18,jlowthorpe63@ted.com,,915-685-4717,,
01-8400990,Willyt Gatteridge,,wgatteridge64@mlb.com,9 Tomscot Junction,455-846-6864,,64-3264346
29-1509297,Lari Hadgkiss,58,lhadgkiss65@sourceforge.net,4 Barby Alley,259-383-5665,312615,42-9879704
94-0083567,Hammad Crosskill,18,hcrosskill66@behance.net,47 Loeprich Street,304-549-9934,500417,72-0237146
18-6700769,Algernon Messiter,74,amessiter67@dot.gov,3989 Hollow Ridge Plaza,238-962-3509,,61-9317960
85-8668142,Homere Negal,,hnegal68@google.com,779 Pepper Wood Drive,953-771-0012,632087,28-3930922
59-8187081,Harris Jehu,36,hjehu69@google.com.br,,461-351-5141,128728,09-4301344
50-3518931,Charmion Piscotti,31,,978 Moose Alley,755-375-4338,92801,62-3054638
75-1324801,Peggie Valerio,60,,,266-752-3233,410062,83-7282303
78-8482129,Leslie Boother,17,,024 Cordelia Pass,819-849-5200,,15-2901108
94-8759848,Roze Cosby,19,rcosby6d@craigslist.org,1358 Ramsey Trail,835-165-2573,,06-8450584
38-7546837,Mona Ximenez,45,mximenez6e@studiopress.com,3 Morning Lane,651-381-7142,480529,56-6380736
18-7028112,Barbabra Ketteridge,34,,445 Bluestem Pass,218-140-2446,452396,
37-7943140,Shea Colbeck,85,scolbeck6g@vk.com,0 Forest Dale Place,373-186-1144,352744,17-3018071
65-0689028,Sol Kloisner,,skloisner6h@hao123.com,,734-590-2654,,82-3004967
93-1656282,Jany Joder,77,jjoder6i@seesaa.net,5 Del Sol Street,633-160-2561,61745,85-8185790
30-7191299,Pooh Rumble,63,prumble6j@skyrock.com,6287 Blackbird Way,288-317-6892,29644,72-4617520
49-9637871,Loutitia Favelle,70,lfavelle6k@ted.com,63 Colorado Court,398-864-5159,369601,95-4823119
92-1493245,Delphinia Farnes,17,dfarnes6l@forbes.com,087 Kennedy Road,181-272-0776,296258,53-7157390
21-0951098,Alejandra Maliphant,86,amaliphant6m@plala.or.jp,75754 Dexter Plaza,841-560-3384,,47-1836218
39-4082185,Arney Kikke,73,akikke6n@nymag.com,4 Mifflin Avenue,241-409-6731,580610,56-0830702
05-5536583,Damita Cockroft,70,dcockroft6o@freewebs.com,64 Stang Place,850-581-2734,,81-7342687
98-3898199,Oralla Gradwell,27,ogradwell6p@meetup.com,079 Mosinee Terrace,836-810-2143,486844,64-9891272
26-9187063,Bonita Iori,29,biori6q@hp.com,39929 Chinook Terrace,915-394-5637,,32-2905034
60-6056646,Vassili Frankel,,vfrankel6r@opera.com,2 School Road,292-542-7126,420753,39-0854803
69-9121175,Kipp Girtin,62,kgirtin6s@sciencedirect.com,,519-335-5806,580900,56-8971059
77-5471378,Ermin Quixley,45,equixley6t@reddit.com,22 Grover Street,304-801-5537,246978,54-2922196
23-1533848,Almeda Vobes,45,avobes6u@umn.edu,00038 Graedel Street,664-859-9840,354640,73-3665446
96-5900297,Grace Wigin,58,gwigin6v@furl.net,3 Paget Street,862-880-0084,510218,43-6975179
27-6046012,Austine Hulcoop,56,ahulcoop6w@gravatar.com,88 Chinook Trail,751-490-0376,528705,96-2238972
78-9066385,Aurlie Jacob,,ajacob6x@github.com,3463 Nobel Alley,379-787-2121,,45-1114475
06-7172282,Kenn Haverson,58,khaverson6y@discovery.com,76992 Dottie Lane,164-232-1619,39681,16-0088937
19-0633277,Herve Greystock,54,hgreystock6z@uiuc.edu,6360 North Hill,276-133-7123,229073,86-7104830
46-2144119,Gardie Sherwyn,70,gsherwyn70@studiopress.com,61 Dwight Avenue,664-982-6074,106317,42-4916483
85-1342455,Cathe Rangall,28,crangall71@ow.ly,72764 Kenwood Park,482-511-3232,,27-0703355
12-2034365,Veronique Kasper,46,vkasper72@ft.com,87 Barnett Terrace,255-576-7119,467104,
59-7344418,Stephana Gerrie,41,sgerrie73@umich.edu,875 Blue Bill Park Trail,770-623-1633,129785,90-9486318
84-2013077,Quentin Decreuze,,,4330 Main Avenue,162-844-0647,598445,44-5547633
91-1644539,Adelaida Benedite,,abenedite75@businesswire.com,59645 Stoughton Park,617-541-6985,,84-5580050
60-4601067,Angelina Weekes,64,aweekes76@guardian.co.uk,253 Nancy Trail,911-880-0884,325322,
24-1812825,Maximilianus Arden,35,marden77@ameblo.jp,854 Saint Paul Point,719-365-3620,501691,77-3914070
32-9053692,Kassey Grayham,35,kgrayham78@hugedomains.com,,206-737-1141,521271,11-2012322
55-3819770,Ellyn Mendus,72,emendus79@domainmarket.com,121 Anhalt Way,824-583-3285,,75-7987529
82-1311715,Devlen Fossick,59,dfossick7a@icq.com,,218-120-4594,100803,72-5848207
72-3928005,Salvidor Pietrzyk,60,spietrzyk7b@simplemachines.org,,659-673-0906,415319,13-8118527
76-1822074,Libbi Hitter,,lhitter7c@redcross.org,89888 Superior Alley,969-164-7170,112877,12-1039424
03-4904984,Lisa Driffe,68,ldriffe7d@prlog.org,5730 Everett Parkway,388-321-9679,534895,10-8388949
85-2781981,Denys Ferryman,47,dferryman7e@icio.us,35381 Clemons Trail,697-543-3107,579201,85-8518437
08-1284722,Vito Ranby,47,vranby7f@yellowpages.com,7 Badeau Circle,670-820-9532,99494,58-7681652
93-3300304,Florentia Riddock,87,friddock7g@prnewswire.com,30396 Buhler Crossing,479-833-3406,542704,15-2087367
23-4286407,Norean Fellon,27,nfellon7h@timesonline.co.uk,3 Montana Trail,344-558-5400,116088,70-4331166
14-3321017,Rosemonde Concklin,34,rconcklin7i@prlog.org,,320-954-8230,111951,83-1058313
73-7574739,Luce Ciobutaro,,,8 Sunnyside Hill,105-912-8800,,26-8606788
06-8298607,Harrie McKiddin,,hmckiddin7k@oakley.com,9 Forest Street,493-802-8362,354975,89-3886851
13-7757508,Kali Burl,83,kburl7l@github.com,66 Basil Trail,507-261-2361,504645,50-7808223
52-5679163,Sarette Galliard,68,sgalliard7m@github.com,6 Myrtle Junction,669-891-6795,530283,63-7411285
65-4546609,Dianna Gilfoy,39,dgilfoy7n@ucla.edu,51 Erie Lane,175-513-6756,62667,80-5352715
48-8307217,Townsend Gianotti,59,tgianotti7o@de.vu,,419-374-3152,610215,48-9887268
62-9235818,Cassius Lamburne,62,clamburne7p@tmall.com,4 Esch Alley,866-989-2457,623793,07-7709579
15-0171766,Izaak Drei,46,idrei7q@xinhuanet.com,4 Moland Circle,829-787-5004,110283,69-2297521
62-6463075,Woody Eustace,61,weustace7r@comcast.net,08 Waywood Way,201-971-0597,,08-4981850
36-9468061,Pooh Bhar,63,pbhar7s@indiegogo.com,84 Hovde Plaza,366-995-8763,,87-8486336
22-3766560,Rhoda Carnie,58,rcarnie7t@mashable.com,11 Crowley Crossing,365-783-8991,478557,13-9125371
12-6651818,Timotheus Frossell,72,tfrossell7u@studiopress.com,0 Manufacturers Place,214-107-8829,91880,76-6628738
74-4756265,Elle De Ruggiero,83,ede7v@google.com.hk,3857 Laurel Junction,710-868-0028,385139,
23-9638867,Russell Sheed,36,,7 Clemons Center,514-941-8608,166151,67-8938478
65-7929949,Seymour Denness,56,sdenness7x@example.com,430 Claremont Trail,207-852-6846,,60-6374722
36-2800861,Evangelia Cush,56,ecush7y@state.gov,792 Glendale Way,959-406-8316,403605,85-5703619
77-3772950,Ganny Brookes,35,gbrookes7z@mapquest.com,,418-884-3660,215751,21-9664499
82-7888438,Lefty Carrel,84,,51 Oak Junction,616-114-3111,564993,83-3758870
55-5505447,Alonso Swetmore,41,aswetmore81@shinystat.com,,919-833-9317,,58-9342473
32-1480173,Irvine Temlett,17,,9 New Castle Road,313-561-5834,444467,15-0616421
63-2261055,Cornelle Yard,81,cyard83@yandex.ru,897 7th Road,546-280-4330,354304,06-0911220
78-7106217,Maurizia Pluck,35,mpluck84@t-online.de,1 Acker Terrace,629-970-7075,,66-9072142
84-0096910,Gracie Pentony,87,gpentony85@blogtalkradio.com,20513 Magdeline Road,167-196-5411,,66-5422726
64-2567412,Trev Acock,48,tacock86@mit.edu,4 Meadow Ridge Trail,489-804-1765,,08-5616917
19-6851423,Kayley Wheadon,,kwheadon87@forbes.com,9126 Walton Crossing,158-789-9995,483623,97-0955543
16-9626956,Tam Aleixo,35,taleixo88@multiply.com,51185 Farragut Drive,468-187-5957,364376,54-5042365
76-2750076,Ricky Patterfield,40,rpatterfield89@tripadvisor.com,6648 Melody Plaza,545-305-3708,79150,83-4321389
48-9740731,Beryl Calcutt,72,,5 Golden Leaf Court,359-324-3667,,52-6538558
39-5702700,Rriocard Hendrich,,rhendrich8b@google.fr,873 Oak Hill,566-614-3489,234564,45-3376243
16-1484513,Helenelizabeth Blandamere,22,,2 Moose Road,720-714-1385,417467,78-2222823
72-9400030,Roseanna Sarre,39,rsarre8d@prlog.org,487 Sunfield Court,944-862-3208,56011,95-0362640
32-0464924,Laney Yeude,59,lyeude8e@bluehost.com,546 Springview Pass,119-618-0091,239064,47-8537348
10-5572945,Verine Lambeth,56,vlambeth8f@wsj.com,57340 Gerald Point,588-542-5787,441254,
34-6766828,Cherri Harms,34,charms8g@webs.com,35264 Derek Road,190-788-9533,420941,38-2116066
96-4528066,Dori Mark,60,dmark8h@bbc.co.uk,382 Butterfield Center,709-281-2578,484321,
05-0173992,Mikaela Reditt,,mreditt8i@google.cn,0 Norway Maple Parkway,259-943-0677,,79-5847121
32-2086580,Tabbie Aspy,,taspy8j@sitemeter.com,57399 Claremont Junction,807-340-3400,101944,92-4633483
67-5338032,Derk Gartery,63,dgartery8k@tinyurl.com,00395 Old Shore Crossing,751-435-8179,299297,69-8233698
01-6716972,Sergent Dedrick,16,sdedrick8l@bloglovin.com,86761 Susan Trail,664-434-6074,438032,02-4494576
54-3573661,Brion Hawthorne,27,bhawthorne8m@free.fr,,523-217-9197,477950,33-3694103
38-8069876,Gayelord Secretan,45,,0342 Vahlen Street,368-971-4652,147844,27-4421975
04-9438220,Sigismund Twyford,17,stwyford8o@answers.com,3 Fordem Parkway,515-857-4249,,13-2124232
13-2096601,Natty Brigstock,69,nbrigstock8p@furl.net,650 Clarendon Trail,656-448-4754,348413,49-2492814
41-6972911,Barbi Dust,23,bdust8q@usa.gov,32712 Rigney Point,303-203-2612,504229,34-1217776
92-0714707,Papageno Minichi,39,pminichi8r@csmonitor.com,62 Eggendart Terrace,147-841-8074,329501,29-7211002
25-8973106,Dwight Orrett,67,dorrett8s@ezinearticles.com,982 Hagan Street,564-918-8939,75486,89-9457264
36-2013623,Marcelia Potteril,51,mpotteril8t@apache.org,27 Kenwood Point,202-327-9553,155618,65-5558024
54-6039504,Gary Ditty,77,gditty8u@ed.gov,5674 Declaration Way,108-184-0285,390418,67-9603198
43-2637116,Judi Pridmore,76,jpridmore8v@usatoday.com,589 Buena Vista Road,397-856-9774,141108,73-9676599
26-5130319,Jordan Locks,53,jlocks8w@addthis.com,22752 Sachtjen Way,423-161-9777,318418,36-3065614
00-2340423,Marji Vlasov,25,mvlasov8x@vimeo.com,4776 Tomscot Junction,434-429-9365,,
31-6288940,Daniel Gitthouse,54,dgitthouse8y@moonfruit.com,0 Jackson Avenue,919-577-4934,469343,91-3211965
81-0527486,Mirilla Bullman,73,mbullman8z@jalbum.net,43 Summit Road,793-597-8477,607310,19-5633098
74-4529879,Ronalda Antonomolii,78,rantonomolii90@cocolog-nifty.com,51 Monterey Plaza,526-449-4073,355350,31-7723664
13-2295505,Lori Saterweyte,66,lsaterweyte91@google.es,,879-716-0463,188483,28-0463406
58-0540864,Melisa Cranton,45,mcranton92@bizjournals.com,71970 Westend Terrace,786-975-2996,370912,66-9323351
95-0942033,Cordi Ort,28,cort93@tumblr.com,634 Farwell Hill,170-639-1723,397305,68-8785983
05-1224126,Baxter Henken,63,bhenken94@engadget.com,,962-237-3124,372751,11-1996323
47-9495484,Jo Mounce,22,jmounce95@whitehouse.gov,2264 Mesta Lane,354-192-7582,538538,08-0840392
63-4510368,Giordano Sarfas,67,gsarfas96@ehow.com,11 Larry Pass,620-665-1090,,20-0694866
61-8930026,Dallas Harkes,23,dharkes97@wix.com,6 Dixon Point,886-748-4361,183673,45-7135138
96-6469626,Zarah Brizell,,zbrizell98@typepad.com,175 Derek Parkway,290-739-2014,46285,55-6086166
84-7618099,Kristina Cicculini,56,kcicculini99@mit.edu,4 Macpherson Hill,664-221-8237,390824,95-7450892
43-9599520,Netti Busson,86,nbusson9a@intel.com,56 Carberry Terrace,915-583-2084,625947,23-9151137
55-7924547,Hewett Dibner,27,hdibner9b@imdb.com,7 Mendota Crossing,805-586-7212,517382,25-0279973
49-3556425,Barry Ingle,62,,64639 8th Pass,248-427-6004,219133,03-5170972
63-5443575,Grover Focke,80,gfocke9d@fema.gov,122 Maple Wood Crossing,439-569-3392,,93-9688769
32-2473917,Luci Jobern,84,ljobern9e@cisco.com,0 Delaware Road,918-835-9532,120137,18-6538430
81-4329108,Gwenni Cisson,75,gcisson9f@telegraph.co.uk,45 Northwestern Terrace,566-665-5427,433680,72-8971697
54-3354608,Emmie Neylan,60,eneylan9g@naver.com,469 Myrtle Lane,608-599-9926,53436,
64-6037964,Henriette Heber,73,hheber9h@sina.com.cn,90087 Raven Lane,454-756-1218,423760,94-8670036
69-3810125,Quint Foggo,38,qfoggo9i@globo.com,68 Ridgeway Junction,726-768-0799,465610,59-6256667
22-7879352,Nicolea Elfe,28,nelfe9j@goo.gl,,950-975-4882,77839,15-0051597
05-5171222,Cort Whear,46,cwhear9k@archive.org,6774 Division Pass,755-986-3620,138008,53-9250613
09-8019310,Saundra Deverson,,sdeverson9l@joomla.org,178 Redwing Circle,673-787-8083,233933,92-3893919
34-6826798,Dulcinea Dewer,78,ddewer9m@economist.com,6809 Lindbergh Parkway,385-663-8136,631456,
75-1763215,Raynor Lamkin,65,rlamkin9n@123-reg.co.uk,6822 Longview Street,858-278-6022,621257,19-6297842
12-2852671,Reece Burnham,73,rburnham9o@google.com,2 Mcbride Court,499-286-3684,204568,18-0078057
94-0196047,Demeter Youings,77,dyouings9p@patch.com,56015 Heffernan Alley,422-995-0673,432452,68-8518629
57-7736356,Jaquelyn Chatelot,78,jchatelot9q@gmpg.org,304 Upham Point,158-912-3767,,85-5832384
00-0175952,Lorenza Gaylord,71,,353 Fieldstone Road,937-432-6090,595583,95-1039929
02-5733546,Leonore Parr,30,lparr9s@hibu.com,518 Colorado Street,674-986-6529,575888,22-7435549
68-9728640,Celina Safell,65,csafell9t@si.edu,4 Vermont Terrace,223-279-6718,447373,
27-1838149,Roch Yarnell,31,ryarnell9u@reference.com,0316 Badeau Way,318-685-3610,,92-8832273
72-3805263,Jeffy Farens,35,jfarens9v@creativecommons.org,37 Susan Park,222-167-2841,81931,28-5085487
34-4391598,Ermentrude MacNess,,emacness9w@cargocollective.com,80 Almo Lane,561-305-6964,408076,75-0948991
67-1040539,Sherlocke Chapell,34,schapell9x@aboutads.info,819 Grim Avenue,691-879-8109,,64-6725045
16-4880856,Mychal McGiff,33,mmcgiff9y@printfriendly.com,94437 Oakridge Parkway,768-951-6777,237896,86-6822363
37-7100545,Oren Scatcher,38,oscatcher9z@nsw.gov.au,229 Forest Court,632-554-2202,138679,46-8293197
67-4857603,Marten Hanley,34,mhanleya0@ezinearticles.com,65643 Raven Junction,942-262-6422,628619,77-9453787
08-9100353,Arron Grogor,80,agrogora1@jugem.jp,9566 Troy Pass,578-239-4194,186795,74-4098665
83-0199129,Nike Janaway,61,njanawaya2@miibeian.gov.cn,51987 Pond Alley,274-676-9590,515795,52-1457200
53-5438140,Amara Dupree,63,adupreea3@linkedin.com,7 Hovde Point,200-951-7843,316222,91-7223632
74-2073985,Francklyn Priditt,27,fpriditta4@army.mil,4290 Meadow Vale Avenue,675-214-7217,29466,72-5357787
03-0429083,Harlan Mc Corley,29,,96307 Bluestem Lane,214-267-4890,153419,80-4639886
12-0283266,Yoshiko Axcel,63,yaxcela6@facebook.com,7 Westridge Trail,243-103-4945,214004,41-6295377
79-8863604,Harmon Dansie,63,hdansiea7@fda.gov,8 Dexter Road,852-736-0010,174647,57-4260956
42-1940393,Koralle Braid,,kbraida8@google.co.jp,40325 Little Fleur Parkway,339-296-0582,,05-5756220
19-9248992,Ethelin Atcheson,66,eatchesona9@columbia.edu,31233 Muir Pass,783-279-1351,513937,93-5339829
56-8382632,Rustie Freshwater,78,rfreshwateraa@cargocollective.com,358 Coolidge Alley,137-848-5441,390737,19-9331639
46-6133117,Elbertine McCullen,73,emccullenab@shinystat.com,9 Oriole Park,871-892-1496,240822,
26-7448137,Davie MacManus,78,dmacmanusac@bbc.co.uk,,348-632-7537,7890,20-3223987
97-9877772,Erin Castledine,56,ecastledinead@rediff.com,6 Kinsman Terrace,742-218-8852,78218,68-5650333
02-0020902,Kleon Childerley,33,kchilderleyae@com.com,16 Kedzie Way,470-394-4831,419270,01-7491247
81-6508739,Miguela Jira,53,mjiraaf@pen.io,99318 Bay Way,974-558-0976,488123,39-0464045
74-6231590,Tiffanie Maffetti,33,tmaffettiag@clickbank.net,1 Susan Terrace,776-902-0570,531100,53-8209288
06-4042791,Raddy Kalkofen,79,rkalkofenah@nydailynews.com,31 Hintze Pass,463-986-2355,258818,95-5257904
08-2401598,Dom Goodlad,26,dgoodladai@wordpress.org,01116 Carey Lane,244-739-0317,,63-7727099
40-7959669,Beverley De Dantesie,68,bdeaj@goo.gl,8 Twin Pines Terrace,979-142-4832,,
05-4993986,Clint Emanuele,38,cemanueleak@eventbrite.com,7 Fairview Trail,568-350-0257,401611,79-6717917
29-1106881,Sherline Drust,46,sdrustal@webs.com,391 Delaware Drive,375-467-5577,389049,30-2074635
94-7208003,Terencio Angus,35,tangusam@mail.ru,7 Rigney Place,734-551-4012,509226,41-1198923
31-8823849,Lon Whittles,83,lwhittlesan@wordpress.com,,848-297-5441,206125,25-1310024
03-0356096,Wayne Martinek,35,wmartinekao@php.net,75555 Brown Crossing,842-538-9377,,
83-3585644,Johanna Meffin,61,jmeffinap@purevolume.com,69 Darwin Way,190-343-6135,337817,70-8944631
94-1671502,Rana Huggill,16,rhuggillaq@ed.gov,7 Dakota Way,748-475-2860,36496,
68-9495588,Karoly Sawart,82,ksawartar@smugmug.com,54924 Mayer Hill,152-422-0661,406963,
12-0703383,Tiffany Nourse,66,tnourseas@so-net.ne.jp,18395 Goodland Plaza,749-449-3439,196262,49-9387715
70-3101361,Sal Lillo,65,slilloat@amazon.co.jp,78300 Buena Vista Circle,582-130-0121,424772,33-3368744
06-9724385,Estrella Mosedale,25,,4 Beilfuss Place,497-349-7915,329316,11-0319287
33-2469301,Banky Chalfont,74,bchalfontav@deviantart.com,82751 Summerview Lane,470-842-0231,213590,
04-6648175,Paddie Springell,73,pspringellaw@lycos.com,2 Summerview Way,880-816-0470,187499,86-2197873
69-7994548,Malanie Gauthorpp,18,mgauthorppax@narod.ru,79 Fairview Hill,848-259-0136,,76-8942491
01-1383521,Nancy Diver,60,ndiveray@clickbank.net,1073 Washington Way,141-986-6309,365249,04-8913238
38-7252696,Wini Driuzzi,56,wdriuzziaz@de.vu,09 Bobwhite Point,666-846-0861,,92-6950664
49-8453185,Halley McMyler,,hmcmylerb0@acquirethisname.com,2644 Dayton Way,833-414-9808,175177,
19-2589609,Lisabeth Gullick,34,lgullickb1@globo.com,136 Myrtle Plaza,785-311-3278,356221,41-2352682
77-9862881,Binnie Kernaghan,64,bkernaghanb2@virginia.edu,63492 Messerschmidt Lane,409-574-5586,511265,67-2417632
62-0594050,Adelind Everil,71,aeverilb3@cdc.gov,2972 Dixon Way,455-679-5153,175001,03-2321811
80-1881611,Mayor Savatier,43,msavatierb4@virginia.edu,527 Wayridge Plaza,838-224-0578,293056,32-8592200
82-7390425,Violet Coggan,57,vcogganb5@ed.gov,22 Buhler Point,522-897-1218,398112,61-8005011
60-4244297,Lynnell Whitemarsh,49,lwhitemarshb6@sohu.com,9262 Portage Court,807-663-6550,38571,89-1830546
93-7612077,Ashbey Hayfield,78,,2391 Mallory Pass,164-477-7764,608806,
53-9292718,Hunt Wignall,71,hwignallb8@mit.edu,70 Forest Dale Point,934-566-8956,344077,48-4151078
61-3036027,Lilia Eccleston,63,lecclestonb9@exblog.jp,0770 Cody Terrace,123-289-0057,,99-3200197
42-7847157,Bartie Redgrove,50,bredgroveba@hugedomains.com,22 Nelson Drive,990-516-1630,152559,
02-7184284,Jaine Lampet,,jlampetbb@cafepress.com,9 Sutteridge Way,928-526-8013,657031,23-8048628
25-4210740,Jobi Sabbin,43,,47 Fairfield Lane,733-477-7294,494702,96-9957368
88-9774718,Lilia Likely,23,llikelybd@t.co,,558-943-0517,7382,66-3153758
87-6811785,Daniela Bockin,28,dbockinbe@msu.edu,8 Corscot Place,216-158-4616,217450,97-0180868
64-0036582,Rowan Bennington,78,rbenningtonbf@ed.gov,39 Troy Road,783-235-2277,344670,65-9370505
34-3884715,Lissy Speeding,21,lspeedingbg@ucsd.edu,6023 Oak Valley Court,391-499-4166,389826,34-5336118
76-2487831,Teddy Ashlin,59,tashlinbh@whitehouse.gov,,377-306-1187,445677,61-9193406
38-1229386,Honor Ranyard,20,hranyardbi@shutterfly.com,932 Arkansas Trail,280-327-7182,,41-5284110
51-3659828,Ines Lantuffe,83,ilantuffebj@posterous.com,28268 Emmet Place,391-725-9200,,90-0115786
45-3590809,Osgood Philpin,60,ophilpinbk@craigslist.org,8 Glendale Terrace,753-137-9720,,
48-2041312,Kirstin Sagg,70,ksaggbl@time.com,,419-429-6278,367045,50-2780317
44-0116107,Alexi Davern,20,adavernbm@devhub.com,7 Center Center,630-337-4649,167386,48-2576926
60-0904076,Alfonso Pala,22,apalabn@mysql.com,2 Farmco Drive,558-554-7346,367422,32-7360636
08-1070990,Cissy Dyshart,73,cdyshartbo@examiner.com,5057 Superior Road,226-160-4487,15804,13-6869558
78-1981136,Katherine Oldman,30,koldmanbp@army.mil,72 Hagan Hill,408-576-2400,,07-0956579
76-8490708,Steffi Ottee,75,sotteebq@netscape.com,35298 Heffernan Junction,166-793-6104,506184,30-7905891
92-3884914,Sid Dudgeon,29,sdudgeonbr@auda.org.au,00507 Melody Center,768-919-6195,,94-6612505
27-7382398,Fidole Baldinotti,23,fbaldinottibs@google.pl,4246 Clyde Gallagher Plaza,248-985-7218,575744,87-3919135
21-5164535,Isa Linfield,23,,13 Mcbride Parkway,294-797-5872,440651,09-0421773
52-1266797,Hilary Collishaw,56,hcollishawbu@psu.edu,1 Esch Road,235-445-8707,,61-0762055
50-8024486,Cass Elcoat,32,celcoatbv@angelfire.com,97 Waxwing Trail,935-111-5473,6917,03-8540753
63-6753315,Elvyn Balwin,31,,655 Brentwood Circle,573-252-7721,,98-7751863
50-2513858,Ezmeralda Sergean,85,esergeanbx@economist.com,6758 Sunbrook Trail,335-517-1868,549817,71-9566402
84-6937596,Charlot Voysey,35,cvoyseyby@ebay.co.uk,9 Scott Street,863-518-3000,,57-4543355
86-8900275,Ellsworth Lamplough,80,elamploughbz@rambler.ru,2 Clove Hill,705-630-7669,320168,
19-1822436,Yankee Clipson,52,yclipsonc0@flavors.me,078 Harper Court,128-943-1124,623758,35-4409771
44-5376555,Emmey Coolican,,ecoolicanc1@ihg.com,8 Leroy Pass,971-912-5237,71028,79-2601525
14-4642757,Nell Lawrence,85,nlawrencec2@google.pl,4 Ruskin Hill,178-963-4331,331621,90-8600749
05-5786380,Fredra Heinl,24,fheinlc3@cnbc.com,6 Donald Circle,499-398-4557,311770,17-2821446
65-0504501,Frasco Bartholomaus,44,fbartholomausc4@chron.com,,529-416-5338,,
08-3885276,Ferdinande Gook,61,fgookc5@123-reg.co.uk,6 Drewry Center,994-992-3451,,17-0765309
87-2339893,Chelsey Gosenell,42,cgosenellc6@fastcompany.com,,561-527-8316,,06-4165034
67-4317067,Ollie McShee,65,omcsheec7@nature.com,63 Northview Road,559-844-7432,614682,
80-0708222,Garold Spelling,58,gspellingc8@mysql.com,993 Crescent Oaks Circle,531-441-7935,347342,50-7658737
71-0706575,Loleta Tooke,26,ltookec9@issuu.com,87 Moulton Junction,757-441-2799,110491,43-2864255
72-3894246,Bevon Popworth,74,bpopworthca@businesswire.com,3 Rockefeller Point,107-371-2347,640627,11-3600244
31-7089874,Reba Trainor,,rtrainorcb@utexas.edu,310 Brickson Park Park,787-412-4749,233829,25-8086223
81-2256844,Lief Vasilevich,37,lvasilevichcc@mozilla.com,,723-742-3813,,84-6399221
78-4742605,Sol Payze,,spayzecd@pinterest.com,,886-145-8667,,58-5943111
86-6883831,Hector Baudacci,63,hbaudaccice@stanford.edu,5078 Cambridge Avenue,164-492-5306,,33-1715719
64-1422204,Adan Cello,18,acellocf@washingtonpost.com,1445 Marquette Parkway,732-337-6328,306315,73-6876593
56-5300588,Adelheid MacPake,25,amacpakecg@163.com,1 Caliangt Road,308-168-3986,,44-8451330
62-6732175,Robby Ferreras,54,rferrerasch@so-net.ne.jp,78 Ridgeway Avenue,434-933-5935,,
51-8760987,Gustav Arnald,,,613 Service Court,464-347-0784,128517,55-2815016
99-3030186,Janela Enos,66,,91 Merrick Point,655-907-1669,,99-1588225
42-8762430,Damian Curragh,31,dcurraghck@icq.com,886 Petterle Park,548-901-4793,238385,48-9714537
43-4166064,Jan Seed,,,164 Truax Plaza,166-728-3192,436513,61-8486304
64-0037503,Sheba Padell,65,spadellcm@infoseek.co.jp,40192 Muir Parkway,114-328-5868,260741,09-6830302
48-3612416,Chandler Iacovucci,87,ciacovuccicn@goo.gl,3 Havey Lane,913-516-2558,56898,72-5948789
40-5647631,Wolf Robison,48,wrobisonco@sciencedirect.com,19499 Cordelia Road,133-492-2577,466524,91-4539052
31-6860145,Onida Suatt,66,osuattcp@devhub.com,21 Park Meadow Alley,813-139-1297,219903,71-9502620
23-0073707,Phil Hawkswell,43,phawkswellcq@bloglines.com,4 Logan Center,356-839-3063,,38-2934335
82-5108201,Briny Peplaw,85,bpeplawcr@wikia.com,16049 Derek Road,782-933-5556,173446,36-8872166
89-3992803,Rip Deneve,48,rdenevecs@kickstarter.com,626 Dixon Center,891-935-8720,,18-1868473
07-8793043,Giacinta Durward,78,gdurwardct@yellowpages.com,8448 Red Cloud Road,264-927-4332,564242,35-5210276
87-2012610,Dorothee Eger,17,degercu@tripod.com,66 Stoughton Way,135-261-8251,,19-8233674
80-6767330,Frederique Bonus,46,fbonuscv@google.cn,19580 Vidon Parkway,959-238-3245,,92-4801845
34-9556711,Reinhard Stockau,33,,39 Sage Place,889-802-1709,,93-0093962
62-0531131,Miquela Stoffel,39,,185 Columbus Alley,509-894-5154,63604,31-0110792
16-4576373,Angeline Denne,68,,5900 Memorial Pass,849-721-8120,327105,36-0116711
64-4743884,Viviene Vigar,21,vvigarcz@irs.gov,,592-858-1428,245801,22-9227531
41-8557220,Cathee Dalgetty,87,cdalgettyd0@devhub.com,96465 Hermina Road,821-524-8028,149422,
27-2330649,Elisabeth Pirozzi,35,epirozzid1@ed.gov,,540-899-0109,144785,86-6807843
49-8964805,Nananne Winchcum,,nwinchcumd2@parallels.com,16903 Eagle Crest Point,491-192-9429,,02-3166049
46-7446725,Paule Marrill,31,pmarrilld3@google.ru,,992-306-0247,350037,07-3367100
84-1148144,Innis Mufford,,imuffordd4@state.tx.us,,105-942-5118,72428,44-1991147
63-4705058,Aaron Dei,78,adeid5@tuttocitta.it,97063 Carey Parkway,599-312-9013,324729,55-7602261
45-1735385,Tobi Mainson,85,tmainsond6@ft.com,453 Ludington Parkway,991-285-2885,,46-5617067
11-9477195,Kara-lynn Janodet,65,kjanodetd7@bloglovin.com,952 Glacier Hill Hill,821-169-9489,326260,79-5888370
44-8752587,Garvin Ringe,19,gringed8@twitpic.com,459 Mallory Street,844-660-3103,373311,50-0181369
35-7103506,Mimi Liggens,41,mliggensd9@facebook.com,524 Fairfield Junction,987-620-3061,500449,70-0173434
63-0580064,Wallis Grishaev,56,wgrishaevda@yelp.com,,432-272-5123,228450,48-4692707
80-7589906,Wash Plover,40,wploverdb@go.com,7948 1st Drive,603-854-2375,,75-6373110
48-4203621,Hettie Denington,68,hdeningtondc@artisteer.com,585 Utah Center,650-665-0996,,19-6227578
01-4364422,Any Moffett,80,amoffettdd@msu.edu,9309 Hoffman Avenue,931-724-3863,15544,
32-0087590,Kori Ovill,47,kovillde@stanford.edu,95237 Sutteridge Drive,285-116-6112,,51-9627135
80-9097261,Enoch Labeuil,82,elabeuildf@narod.ru,8319 Mendota Hill,719-658-6163,217587,
31-2257332,Jourdain Jones,72,,6591 Thackeray Plaza,521-851-1121,514237,
21-0692693,Rosalynd Backs,,rbacksdh@wunderground.com,56241 Hoard Avenue,362-202-7624,605025,64-6110603
57-8556726,Dov Denley,53,ddenleydi@netscape.com,67993 Ramsey Pass,557-281-9076,11186,80-4409484
40-4578449,Ash Mattimoe,88,amattimoedj@quantcast.com,20111 Marcy Alley,566-600-1981,613261,31-2251835
58-4884476,Minne Hildrew,52,mhildrewdk@mayoclinic.com,46312 Lotheville Center,816-646-5081,,80-9287115
30-5887065,Ursula Earnshaw,32,uearnshawdl@flavors.me,3372 Nelson Circle,323-415-4316,123729,88-7747987
50-7605808,Sherill Feben,58,sfebendm@time.com,16 Tomscot Circle,279-462-3146,526189,02-8788640
61-3682724,Celinda Graveson,20,cgravesondn@sciencedirect.com,860 Forest Run Court,250-625-9254,,18-4063203
97-3248359,Menard Ellicott,,,84819 Red Cloud Street,725-441-6862,91371,87-7582431
17-2376971,Page Wolfer,77,pwolferdp@deviantart.com,64 Waxwing Plaza,449-420-2133,127004,69-4748595
73-6201473,Madelina Loutheane,46,mloutheanedq@wix.com,5554 Hermina Circle,270-853-0960,427170,66-8981163
08-2410268,Zared Caris,66,zcarisdr@usnews.com,00 Moose Lane,350-969-8258,587786,11-0677545
68-2229488,Stefan Rosenblum,42,srosenblumds@blogspot.com,856 Prairie Rose Avenue,501-170-8086,217257,15-9428768
96-0654100,Arluene Brickett,65,,66036 Bartillon Place,775-119-4373,573466,51-6997773
57-5671377,Issy Berndsen,,,79 Canary Street,980-316-3321,58133,22-4313508
98-3816154,Hetty McAulay,,hmcaulaydv@yandex.ru,,684-340-4749,,89-3315542
88-9629560,Lynda Arnefield,49,larnefielddw@google.pl,,850-304-0085,461326,38-2568067
96-8417881,Verene Posse,53,vpossedx@wikia.com,3391 Pierstorff Avenue,680-299-0883,,86-1525555
33-5094677,Dun Matovic,68,,,841-716-9909,321783,86-5045207
87-2703955,Michail Fraine,41,mfrainedz@goo.gl,902 Coleman Avenue,160-583-0130,559820,35-3913668
93-8195684,Alidia Waterson,22,awatersone0@eepurl.com,8 Cody Center,870-470-4049,130316,
97-5976870,Carolan Mafham,54,cmafhame1@sciencedaily.com,43745 Donald Avenue,409-827-1937,,94-2888827
31-0710189,Gertrudis Gwinnett,65,ggwinnette2@bizjournals.com,0838 Heffernan Place,530-691-5470,493044,71-5818331
71-7073627,Deane Cottham,67,dcotthame3@mozilla.com,7652 Ryan Pass,936-999-4129,387173,30-1695891
55-8702320,Gertrudis MacIlhargy,49,gmacilhargye4@lulu.com,265 Starling Lane,878-589-3271,,94-1432375
20-5839539,Becky Whiteley,28,bwhiteleye5@parallels.com,607 Lawn Crossing,466-199-4562,,02-3179744
60-6325425,Hoebart Vasilyev,,hvasilyeve6@toplist.cz,58 Messerschmidt Court,998-688-6639,,50-5013015
41-4791159,Carolann Chill,39,cchille7@w3.org,6 Boyd Road,150-195-1736,,58-6726601
38-5077483,Cele Winpenny,18,cwinpennye8@ca.gov,35 Dahle Road,359-774-2182,221514,60-7212616
80-1662369,Merrick Drohan,55,mdrohane9@miitbeian.gov.cn,56 Walton Center,966-725-8490,506427,24-5571308
97-2075950,Blondell Curnucke,58,bcurnuckeea@businesswire.com,927 Marquette Junction,634-202-4572,523994,94-3396061
01-9219268,Leland Standering,50,lstanderingeb@wiley.com,78 Londonderry Terrace,659-798-4459,,34-5196861
61-3575057,Georas Baldi,80,,,962-744-6980,,07-8314258
67-5606904,Pavel MacGhee,60,pmacgheeed@surveymonkey.com,030 Tennyson Circle,363-509-5286,137162,14-7205786
95-8565508,Trudi Minchinden,18,tminchindenee@ibm.com,6913 Aberg Hill,450-879-8799,74318,
73-8059150,Artus Grim,16,agrimef@arizona.edu,3 American Ash Street,439-446-0943,169134,58-1173393
91-2975693,Raquela Mault,41,rmaulteg@opensource.org,,936-117-6692,358488,55-0650681
39-6540722,Joey Eslie,60,jeslieeh@i2i.jp,8 Shopko Parkway,333-705-9371,509233,57-5602235
73-6189101,Van Lonsdale,66,vlonsdaleei@ycombinator.com,7957 Clemons Plaza,756-847-5266,,
20-2516506,Bent Finessy,60,,2499 Little Fleur Court,746-205-7106,417694,97-3667200
54-0601120,Regine Ridgers,55,rridgersek@foxnews.com,674 Anderson Hill,263-935-3303,47005,56-7464841
73-2601448,Kit Taig,22,ktaigel@google.com.hk,9824 Kipling Circle,343-443-0211,15460,21-9621655
02-5540903,Itch Van Hesteren,40,ivanem@cpanel.net,,650-931-8542,,55-1902158
56-4066554,Cal Pashba,59,,29 Nancy Junction,530-738-9321,,30-1945340
73-9958403,Cathe Saiz,24,csaizeo@netscape.com,6863 Carey Crossing,250-220-4263,137901,49-8360883
07-6865283,Hali Spurr,,hspurrep@virginia.edu,,915-435-6638,116645,57-0412084
00-2293795,Roxanna Greenstead,57,rgreensteadeq@123-reg.co.uk,72421 Donald Crossing,784-741-6797,,88-9689865
20-5952021,Fraser Lesslie,,flesslieer@buzzfeed.com,50 Milwaukee Pass,369-939-8233,21751,
43-1061925,Rebeka Stenning,,rstenninges@dot.gov,127 Kropf Trail,768-199-2966,,42-6422865
04-1710947,Forster Pancost,28,fpancostet@dion.ne.jp,0 Beilfuss Point,259-541-0969,,11-7265413
18-0956888,Mattie Sackett,21,msacketteu@psu.edu,61 Division Road,552-263-8048,,
64-6974034,Pamela Punt,20,ppuntev@hatena.ne.jp,,109-824-7586,566243,98-1624993
47-7892017,Emmanuel Lammerich,52,elammerichew@dot.gov,634 Buhler Terrace,512-624-3722,620613,
69-7353230,Vilhelmina Barringer,58,vbarringerex@dion.ne.jp,56 Roth Way,951-417-9712,,29-0711424
69-3103309,Marita Abyss,83,mabyssey@seesaa.net,4355 Ramsey Circle,585-335-9404,417446,29-4577948
06-2131244,Eugine Battlestone,52,,83896 Mayer Plaza,788-260-3982,,89-9784167
12-8496617,Reinald Eytel,23,reytelf0@is.gd,2375 Evergreen Avenue,962-514-1400,566729,17-7748948
65-6829081,Celestyn Evreux,,,,424-653-9347,,15-3213300
93-4895296,Silvan Colten,52,scoltenf2@about.com,,324-550-4733,360367,
22-1008923,Yorke McArthur,82,,,239-834-7087,574944,83-4968437
56-6871185,Carie Canepe,69,ccanepef4@goo.ne.jp,,820-937-7379,366444,03-1488638
91-2156282,Noellyn Lightwing,,nlightwingf5@cloudflare.com,,947-120-6673,13943,51-8051779
55-9974947,Wally Conkay,22,wconkayf6@hostgator.com,92 Grayhawk Junction,931-755-4736,571875,15-1176019
99-3985148,Glenda Way,81,gwayf7@ning.com,7 North Junction,338-788-0278,205587,24-1788613
56-3166747,Chucho Averall,,,47 Crescent Oaks Drive,522-400-2018,,53-2951159
70-0427647,Tiler Konke,68,tkonkef9@utexas.edu,9 Eastwood Hill,294-631-7031,639895,65-4891466
15-2202052,Blancha Pettiford,69,,33332 Fairfield Point,366-196-0863,,
78-4229880,Anderson Tremblay,23,atremblayfb@i2i.jp,29359 Sundown Park,989-205-7821,590417,
80-7612890,Ethe Wanek,57,ewanekfc@huffingtonpost.com,1320 Graedel Hill,945-602-4927,149708,
37-2040093,Delphine Saltsberg,54,dsaltsbergfd@redcross.org,34822 Independence Way,555-946-7179,639223,25-0188898
68-9601073,Grover Hemphall,81,ghemphallfe@macromedia.com,5 Sherman Road,519-212-3743,,
86-3735956,Willdon Dummer,78,wdummerff@webmd.com,694 New Castle Junction,936-758-7595,656386,39-9965195
02-0131488,Dniren Pruce,29,dprucefg@abc.net.au,0 Ludington Place,289-557-8537,645809,65-1778573
26-7529564,Pietrek Castagnasso,43,pcastagnassofh@hatena.ne.jp,0649 Grim Street,146-859-8918,570874,37-5534365
93-0675260,Filmore Scarrott,51,fscarrottfi@digg.com,6 Veith Way,299-828-6212,183881,93-6179235
94-2603300,Jaye Jarvie,66,jjarviefj@weather.com,2850 Mockingbird Trail,320-778-6035,,04-5563503
10-3698819,Susette Hammonds,73,shammondsfk@disqus.com,72 Eggendart Avenue,954-581-1482,360756,67-1632731
91-8484230,Cathryn Ganderton,,cgandertonfl@deliciousdays.com,9420 Dixon Pass,970-509-9746,617259,43-4963961
82-3911569,Thorstein Whyborne,67,twhybornefm@vimeo.com,8 Bartelt Road,517-261-7068,150540,18-7945113
37-9801340,Ansell Ambrodi,28,,2037 Corben Point,632-815-9518,82116,44-9093385
24-0097977,Zaria Povey,45,zpoveyfo@deliciousdays.com,428 Sycamore Street,833-725-0833,,
59-3574668,Ray Slader,43,rsladerfp@pen.io,46408 Lillian Place,446-488-5993,,61-0561316
90-4069211,Lucky Pimlock,41,lpimlockfq@biblegateway.com,396 Nova Pass,170-946-1641,28453,50-9334390
80-3302118,Amalie Madeley,21,amadeleyfr@nytimes.com,,974-228-0405,,58-8191918
63-1106029,Donnie Quemby,73,dquembyfs@etsy.com,6 Butternut Circle,782-143-9123,,50-7954081
75-6507813,Linus Ody,46,lodyft@google.fr,4 Northport Parkway,307-346-5743,115865,26-7160742
71-1720528,Sheba Snodden,50,ssnoddenfu@chron.com,5452 Doe Crossing Trail,821-368-0905,283864,77-7254565
60-6895418,Sigismondo Spyvye,82,sspyvyefv@paypal.com,,757-976-6939,34117,43-9461607
60-1453729,Cullan Timson,,ctimsonfw@desdev.cn,954 Saint Paul Hill,532-942-1892,,
28-1598784,Nina Ghelarducci,69,nghelarduccifx@cyberchimps.com,98638 Manufacturers Junction,478-485-4229,352043,22-6909184
26-5743773,Wes Itzak,64,witzakfy@nih.gov,66 Di Loreto Circle,162-728-8272,624069,41-2454970
54-4697734,Wells Jacketts,58,wjackettsfz@house.gov,8 7th Trail,166-968-1083,171216,
86-8845440,Nicolea Bonavia,38,nbonaviag0@eventbrite.com,08789 Randy Terrace,281-198-8078,194756,08-4250344
45-9993995,Merrill Thistleton,68,,93740 Monica Drive,392-314-6258,199610,89-7611492
85-4316388,Sheffie Roony,37,sroonyg2@opensource.org,04962 Helena Way,469-349-1492,658530,37-2649500
68-7795858,Herb Bracci,32,hbraccig3@altervista.org,,829-723-2730,,11-6033193
50-1954725,Shannah Hudspith,75,shudspithg4@economist.com,169 Thompson Junction,340-703-7029,174724,25-2110071
25-6039240,Indira Tolumello,38,itolumellog5@seattletimes.com,0764 Hintze Crossing,984-283-6391,294676,26-6189255
81-0732522,Maynord Tapper,33,mtapperg6@technorati.com,6 Debra Trail,653-794-1824,,83-6540813
74-5686405,Joyann Gaiger,,jgaigerg7@weibo.com,61065 Shoshone Place,685-375-9759,4211,
33-8795087,Petra Checo,50,,50 Milwaukee Trail,615-969-0268,337385,45-9222221
61-8505110,Lester Jamieson,54,ljamiesong9@technorati.com,36977 Golf Crossing,194-227-1295,,24-4997421
17-0299438,Steven Ledekker,37,,32 Acker Way,141-947-0399,482063,46-8262903
97-6872601,Calhoun Koubek,,ckoubekgb@lycos.com,534 Petterle Place,443-223-0463,603273,44-7422256
82-6037155,Chase Yeell,,cyeellgc@weibo.com,,229-681-5566,452613,28-3309864
60-4899046,Morton Karys,32,mkarysgd@google.com.hk,0329 Mitchell Avenue,637-897-5552,,54-6550713
22-9250476,Corene Daffey,21,cdaffeyge@army.mil,22 Summer Ridge Lane,166-919-7210,253220,87-7361213
51-8130569,Kristofor Cullrford,36,kcullrfordgf@nbcnews.com,0639 Kenwood Trail,120-545-2554,187105,79-2511600
72-7080695,Kalila Furzer,44,kfurzergg@nba.com,1 Lindbergh Trail,637-661-3581,,76-4571234
58-2237171,Innis Hyne,20,ihynegh@vimeo.com,8116 Basil Terrace,246-508-7278,,33-6600910
27-0355302,Cicily Dewis,68,cdewisgi@about.com,7 Texas Alley,139-769-9421,581258,92-6455071
07-1390263,Gert Wynrahame,86,gwynrahamegj@fema.gov,77 Morningstar Street,808-988-1662,11734,63-0909399
54-9164956,Norma Phillipp,29,nphillippgk@feedburner.com,37 Waxwing Place,556-215-0951,247694,59-5029963
91-4340045,Kerri Crimes,25,kcrimesgl@dailymotion.com,6 Hollow Ridge Circle,750-787-8369,643998,08-2347689
69-4098290,Beatrix Guslon,60,bguslongm@abc.net.au,7101 Tony Avenue,258-380-3356,,14-3431594
75-7662666,Grantham Everil,25,geverilgn@cmu.edu,97 Lotheville Plaza,769-200-6456,,27-6761296
91-6184621,Stephanus Orteaux,58,sorteauxgo@com.com,51 Ramsey Point,761-725-2244,236607,33-9363075
25-3753234,Chanda Comi,46,ccomigp@nih.gov,6378 Moose Lane,668-844-8193,215985,
91-8744223,Barron Goodhall,53,bgoodhallgq@prweb.com,67919 Village Green Court,936-207-0992,652388,93-2324237
36-7521633,Demetrius Knapton,,dknaptongr@nydailynews.com,32 Buena Vista Circle,740-596-4610,170605,59-1523662
05-3269599,Gregg Marriot,45,gmarriotgs@skype.com,24 Mandrake Terrace,303-392-1055,629167,52-8309870
12-7219215,Winne Lerego,83,wleregogt@dyndns.org,1127 Hoard Lane,258-993-4767,466687,97-8712993
23-6901662,Carley De Filippis,26,,81 Pennsylvania Plaza,172-468-9204,361227,91-2632540
90-7528223,Beniamino Lowde,46,,14 Grover Pass,897-541-1743,437441,64-5373523
93-3752436,Raff Mackrill,20,,65 Corben Parkway,924-301-3535,195467,
30-0326927,Morgun Hubbucks,86,mhubbucksgx@mayoclinic.com,15 Northview Circle,616-813-6216,93670,58-9855556
11-6213537,Sasha O'Cannavan,87,socannavangy@bloomberg.com,12 Burrows Pass,800-663-2401,93321,38-8713567
13-4282312,Raquela Boynes,84,rboynesgz@ucla.edu,4656 Meadow Vale Pass,875-283-3461,304353,80-8780967
14-4791384,Sam Foort,67,sfoorth0@alibaba.com,,690-226-7873,,03-2079252
94-3394892,Cosette Padbery,46,,23 Green Circle,541-973-6348,,06-7065719
18-7544209,Neel Coldbath,17,ncoldbathh2@smh.com.au,42433 Crowley Lane,509-723-9610,183351,10-8154470
46-5594399,Angelique Barton,67,abartonh3@list-manage.com,0983 Aberg Court,949-613-7991,,
23-3814842,Bunnie Beininck,85,bbeininckh4@flavors.me,2 Fieldstone Way,729-684-9544,,48-1800722
77-5679620,Frayda Snook,57,fsnookh5@nymag.com,3 Gerald Way,162-568-7736,440387,50-0607823
95-4686976,Mordy Bernhardsson,,mbernhardssonh6@unicef.org,,384-336-9910,303238,05-9880540
56-5922707,Thayne Ricca,32,triccah7@aol.com,7070 Riverside Park,367-693-7354,245011,07-4880076
73-0946992,Kingston Skeggs,65,,77 Hermina Court,671-422-5575,,
25-0370248,Mario Radwell,38,mradwellh9@wix.com,523 La Follette Trail,799-320-7897,488317,56-7489657
88-2716279,Alonzo Craister,35,acraisterha@bloomberg.com,,707-330-7331,217180,30-6683390
22-4183320,Karil Bridle,32,kbridlehb@cdc.gov,474 Sommers Avenue,746-307-7294,483367,47-0168605
99-7517823,Astra Townsend,81,atownsendhc@constantcontact.com,5955 Hayes Circle,282-474-6984,168420,05-1262896
46-4771866,Eloise Ulyat,33,eulyathd@jigsy.com,98 Carberry Road,949-258-6586,,
28-2911237,Desiri Ridding,64,driddinghe@tinyurl.com,98 Mifflin Parkway,291-749-6072,553581,85-8224607
07-1003636,Carol-jean Headland,48,cheadlandhf@cbc.ca,47066 Sycamore Lane,599-997-4948,650592,09-3787917
03-5390532,Erhart Metzig,28,emetzighg@eventbrite.com,929 Drewry Terrace,992-578-4327,,18-2649493
04-6843516,Netty Lavallin,31,nlavallinhh@issuu.com,4476 Continental Way,215-526-0881,,
92-6901093,Hali Atger,74,hatgerhi@ameblo.jp,50725 Algoma Point,386-414-3346,,85-7746618
22-4807691,Sophia Gommowe,83,sgommowehj@newsvine.com,449 Kingsford Point,417-233-5728,,79-6472438
78-4468080,Caria Sabathe,78,csabathehk@biglobe.ne.jp,6 Gateway Alley,381-169-1564,,04-6152135
53-3644386,Ida Hanmer,54,ihanmerhl@umich.edu,918 Stuart Court,759-132-8791,471703,01-9689180
54-7834273,Marlin Riddles,46,mriddleshm@google.ru,66 Vera Circle,553-780-2517,199086,00-4422004
35-8776336,Amory Kearney,32,akearneyhn@smh.com.au,13 Arkansas Junction,914-959-0870,97517,23-5699147
18-9822496,Luigi Das,59,ldasho@nhs.uk,20 5th Hill,732-842-4326,493952,72-7826949
88-0994631,Lamond Hummerston,68,lhummerstonhp@google.pl,82362 Meadow Valley Parkway,716-352-7371,90679,77-7508661
91-2766620,Fredia Shenton,,fshentonhq@wisc.edu,994 Evergreen Parkway,689-351-8705,267693,75-1680801
13-3904500,Eugenius Olek,26,eolekhr@a8.net,17 Melrose Avenue,439-962-9979,,13-7485881
15-6276156,Amy Dahlback,22,adahlbackhs@newsvine.com,3 Bay Parkway,615-715-2811,,22-1115952
68-3174153,Sauveur Marriage,41,smarriageht@soup.io,6339 Buhler Hill,640-442-6275,425430,36-5217469
17-6192943,Salli Aspey,51,saspeyhu@unicef.org,8 Division Park,227-982-2316,604187,14-0565821
37-1784504,Orlan Lorrain,51,olorrainhv@youtube.com,4351 Sheridan Plaza,793-175-6811,,74-3978030
07-4363270,Osborne Cragg,34,ocragghw@a8.net,614 Washington Park,706-959-3210,372833,65-8113385
60-2331491,Neale De Paepe,28,ndehx@facebook.com,86557 Kinsman Trail,915-623-4077,367574,15-5208836
80-5989770,Essa Pounsett,,epounsetthy@mayoclinic.com,44353 Thierer Hill,165-311-7580,368026,26-9137228
39-3087365,Hedy Chippin,79,hchippinhz@census.gov,3 Scofield Crossing,599-929-2653,,29-0355415
82-4799452,Katheryn Sobieski,39,ksobieskii0@constantcontact.com,,797-730-1062,,
03-3937479,Keith Setterington,76,ksetteringtoni1@usnews.com,780 5th Court,160-170-7798,,47-4043759
36-7796937,Darcee Hedylstone,18,dhedylstonei2@webeden.co.uk,17846 Paget Trail,551-785-9060,166150,92-5431184
04-0356486,Emlynn McMonies,65,emcmoniesi3@ebay.com,94891 Clarendon Road,612-300-5934,36628,02-7019092
73-6325207,Lionel Levin,69,llevini4@oakley.com,191 Burrows Drive,681-546-9917,216202,38-5320070
76-7551721,Hadleigh McBrearty,83,hmcbreartyi5@google.cn,861 Heath Way,393-436-3113,445773,27-3041673
66-1646341,Caria Cogdon,59,ccogdoni6@last.fm,4227 Orin Terrace,594-930-9367,305003,
93-0239383,Darrell Ivanyukov,30,divanyukovi7@vinaora.com,75403 Old Shore Avenue,625-794-8629,471123,26-3388138
73-7032560,Charissa Maylour,,cmaylouri8@reverbnation.com,14688 Spaight Circle,289-625-8166,536454,52-6422333
89-4841343,Bamby Alderwick,65,balderwicki9@facebook.com,82178 Judy Alley,128-492-7661,647063,66-2130404
22-6404678,Doretta Van den Velden,86,dvania@upenn.edu,,951-284-6178,,66-5112083
47-3175412,Korie Blatchford,,kblatchfordib@over-blog.com,97 Daystar Way,143-908-4377,558787,26-2688707
19-9131889,Hercule Scotney,18,hscotneyic@dot.gov,71178 Montana Trail,706-301-9362,567458,
56-6296429,Linnea Mackrell,,lmackrellid@pagesperso-orange.fr,9 Mallory Hill,464-804-8710,234948,53-4610660
15-6416893,Tamar McManus,28,tmcmanusie@economist.com,2231 Sutherland Court,128-341-7241,556170,06-7555570
38-6190693,Laurene Sissot,74,,,165-891-2970,293648,37-8712400
96-7578465,Harald Prinett,35,hprinettig@examiner.com,20 Starling Point,631-471-1612,409087,
64-9159488,Jephthah Gelder,34,jgelderih@bluehost.com,80 Armistice Point,617-952-6584,240370,51-5028473
79-1349768,Nancie Brewin,44,nbrewinii@google.com,5 Stuart Circle,505-837-4754,383304,64-8259728
27-8657696,Creight De Vaux,37,cdeij@utexas.edu,752 Scott Plaza,718-446-8877,384750,13-4047271
05-1708627,Rutherford Gooderham,36,,41194 Mandrake Plaza,583-693-3451,516676,27-9769309
84-5681372,Skipton Teodori,22,steodoriil@omniture.com,720 Walton Court,120-233-8669,532110,
72-6448982,Roselle Spurnier,66,rspurnierim@digg.com,00274 Village Alley,131-164-0144,178924,13-3300699
48-5456231,Richmound MacCorkell,55,rmaccorkellin@theglobeandmail.com,0 Elmside Court,924-968-0095,432861,71-8845850
16-8600398,Nannie Passo,41,npassoio@theguardian.com,1 Kingsford Terrace,488-197-3476,,21-6274807
64-4908447,Aubrie Hassell,20,ahassellip@github.io,9 Dakota Plaza,210-132-9457,567648,
83-2391372,Julietta Staig,39,,00378 Bellgrove Circle,141-219-5530,,44-1474592
17-1709750,Margaretta Maddin,32,mmaddinir@biblegateway.com,8173 Loftsgordon Center,492-181-7033,493798,
48-5655318,Maje Aarons,70,maaronsis@sciencedirect.com,4340 Sauthoff Place,519-246-9676,,64-5833058
48-7267534,Katrina Blanchette,33,kblanchetteit@tamu.edu,2 Transport Parkway,964-162-2207,400572,
74-7073442,Patty Foreman,26,pforemaniu@instagram.com,07 Pennsylvania Center,893-207-8239,120111,82-5484309
33-7471023,Lola Duchart,44,lduchartiv@marketwatch.com,367 Dryden Way,871-517-0647,623328,
71-7801230,Maxim Hunnywell,30,mhunnywelliw@mac.com,6508 Shopko Circle,680-875-8426,224660,40-2002940
50-3846422,Lucila Moppett,29,lmoppettix@so-net.ne.jp,85 Beilfuss Parkway,432-795-5814,420072,07-2705863
07-6745723,Matilde Jardein,85,mjardeiniy@japanpost.jp,41370 Gateway Avenue,932-704-6955,150316,81-5737001
02-4540749,Winslow Packwood,39,wpackwoodiz@booking.com,76079 Onsgard Crossing,157-676-7078,,49-4442573
45-1861568,Homere Neale,34,hnealej0@elpais.com,,746-731-4538,,40-1070044
82-9290550,Missy Bebbell,67,mbebbellj1@gmpg.org,,357-727-6940,369590,84-9053189
12-4997984,Anne Cecchi,83,acecchij2@privacy.gov.au,91457 Melvin Court,153-182-1154,233871,69-6910834
83-7482544,Esther Riggulsford,47,eriggulsfordj3@posterous.com,8 Bartelt Circle,586-839-7654,139860,60-6250316
46-6689502,Libbey Arnefield,60,larnefieldj4@bandcamp.com,758 Express Junction,698-979-1656,153513,
52-5477315,Mikael Deetlefs,55,mdeetlefsj5@yahoo.co.jp,1 Dixon Avenue,918-859-3492,197032,
86-7161067,Lynett Abramov,53,labramovj6@alibaba.com,11194 Ronald Regan Pass,605-210-5302,137579,
35-4028597,Nananne Clemmey,48,nclemmeyj7@discuz.net,,401-906-0410,,70-5017442
58-5960658,Alleen de Guise,20,adej8@slashdot.org,71595 Prairieview Road,977-739-4368,,83-4576901
66-6872104,Hamish Faye,78,,752 Maple Wood Avenue,965-533-0652,616036,66-8246347
60-7537890,Curcio Esome,,cesomeja@msn.com,,368-110-9073,439644,51-6706198
18-4898456,Deane Watkin,41,dwatkinjb@wikipedia.org,1 Maywood Street,479-347-1830,,15-5303883
56-5686998,Waite Diem,76,wdiemjc@utexas.edu,8 Lotheville Hill,684-183-2351,,67-9089941
68-1703983,Garrick Lebreton,82,glebretonjd@cbc.ca,3 Express Parkway,103-891-4408,308527,66-2813859
15-6199573,Anna-maria Vella,22,avellaje@hexun.com,143 Eastlawn Plaza,188-454-7323,341698,79-7897107
02-6873556,Robbyn Ovendale,61,rovendalejf@twitter.com,74 Thierer Trail,830-648-2548,90524,38-1241370
55-8026408,Ernestus Tart,72,etartjg@ebay.com,,151-206-2356,58881,57-2850504
78-4075683,Wes Waiting,74,wwaitingjh@sfgate.com,075 Artisan Terrace,632-543-7035,562459,08-5936325
56-3792340,Janenna Brokenshaw,24,jbrokenshawji@blogs.com,58248 Grayhawk Plaza,412-577-3013,391526,20-5721412
18-0504723,Guido Duffil,48,gduffiljj@phoca.cz,0 Pine View Center,194-710-9175,335911,74-1719994
35-6398471,Alfonse Fierro,35,afierrojk@goo.gl,90 Mandrake Avenue,949-269-3602,424441,53-7742537
89-3407392,Kermit Lorkin,78,klorkinjl@wsj.com,6731 Burrows Trail,562-891-4271,404426,91-9169284
15-4314362,Tabbitha Polly,44,tpollyjm@go.com,008 Springs Hill,470-795-1720,579403,34-5462752
84-5541743,Prescott Bischop,,pbischopjn@globo.com,20150 Manitowish Way,175-689-3037,345633,60-7010283
90-5908728,Kyrstin Mapother,33,kmapotherjo@hatena.ne.jp,6 Packers Crossing,930-209-1473,410536,50-5987942
10-6002169,Cornie Le Batteur,,,50840 Longview Circle,414-390-3004,,17-9913826
73-8954630,Tirrell Tumilty,,ttumiltyjq@aol.com,177 Springview Parkway,712-723-7562,425913,75-0563463
81-3785259,Giorgia MacLucais,30,gmaclucaisjr@ucla.edu,27 Goodland Alley,245-924-5424,570400,93-1483822
54-6408709,Gabe Hardistry,30,,7 Judy Plaza,701-962-1740,473476,35-0653654
75-2270724,Paige Thumim,47,pthumimjt@phpbb.com,226 Upham Street,887-384-5206,,17-0968996
57-1081069,Harmonie Jobey,41,hjobeyju@java.com,6 Saint Paul Road,626-561-9888,,23-1384452
13-0943541,Colin Vasin,57,cvasinjv@cbsnews.com,562 Buena Vista Trail,440-322-1980,542586,66-7458660
36-9240696,Bran Cham,,bchamjw@icq.com,4 6th Circle,384-760-7075,501817,35-2965416
53-1350821,Goober Doorly,81,,66716 Memorial Plaza,517-284-2715,,45-8611209
02-7917590,Rodolphe Small,38,rsmalljy@theatlantic.com,24 Schurz Point,457-666-4644,649622,
47-5282174,Chester Sawrey,24,,,511-142-5928,,53-1464229
52-2756741,Gaspard McRoberts,16,gmcrobertsk0@youku.com,38 Shasta Drive,336-385-4866,549302,13-9103897
25-5132308,Mandi Wallwood,69,mwallwoodk1@buzzfeed.com,8371 Ludington Parkway,325-130-6598,101736,99-8993141
09-0976771,Jere Husset,,jhussetk2@cnn.com,53 Red Cloud Way,927-999-2558,351911,72-8443902
95-5855140,Allx De Gregario,19,adek3@dmoz.org,,942-342-6318,217622,60-7512279
76-9164421,Benyamin Andreou,60,,092 Kenwood Junction,283-201-9233,328472,66-0307576
73-3697727,Rob Francesco,79,rfrancescok5@fc2.com,,596-699-7674,117439,
71-7560654,Agnola de Keyser,43,adek6@blogtalkradio.com,82306 Hintze Trail,457-248-4982,188213,
50-8961672,Vernon Batram,53,vbatramk7@quantcast.com,03132 Algoma Place,308-184-3540,101998,05-8693783
90-4833948,Graehme Tivers,50,gtiversk8@flavors.me,86267 Magdeline Circle,492-435-8546,615186,
25-2309071,Betsy Imesson,45,bimessonk9@ebay.co.uk,31807 Alpine Road,953-432-1290,,56-9116718
01-4189287,Janos Doyley,57,jdoyleyka@answers.com,80083 Vera Circle,152-191-4741,654824,
72-2849309,Thelma Saylor,88,tsaylorkb@friendfeed.com,,898-580-3196,641986,17-8801899
86-1057782,Ragnar Yves,19,ryveskc@hexun.com,632 Maywood Court,408-937-3899,206517,89-3334073
30-4445295,Leeland Pechet,35,lpechetkd@goodreads.com,41 Macpherson Court,527-130-8902,268376,
95-5393904,Marthena Hounsham,73,mhounshamke@cbsnews.com,5 Cherokee Center,802-248-3248,355824,62-2778045
45-8873383,Christoph Marriner,64,cmarrinerkf@nydailynews.com,55 Shopko Junction,762-916-6153,,09-1225603
98-9923770,Beatrix Gameson,57,bgamesonkg@boston.com,694 Di Loreto Court,954-844-8148,602312,76-2270747
68-2882037,Halie Roth,33,hrothkh@vkontakte.ru,6344 Tony Terrace,552-757-9854,92354,86-0053307
91-8601768,Karlik Swine,26,kswineki@smh.com.au,06885 Scott Road,323-120-1723,406789,03-8047599
27-3821771,Ashby Huxstep,28,ahuxstepkj@last.fm,,723-416-8854,328508,57-3838139
31-2477978,Tabbie Scarlan,53,tscarlankk@state.gov,99 Warbler Parkway,619-435-9776,,15-2788943
98-5894993,Carmelle De Haven,86,cdekl@redcross.org,3 Mitchell Circle,783-501-5614,469962,70-3596026
25-1770387,Fee Loweth,61,flowethkm@alexa.com,2 Waubesa Drive,702-242-4100,311607,02-0831619
01-0441311,Izzy Venable,,ivenablekn@europa.eu,34162 Union Pass,945-293-1114,229664,
96-4971074,Edmon Lofty,79,eloftyko@yelp.com,21 Algoma Park,690-478-3184,208344,79-2904495
45-2338514,Phil Dongate,30,pdongatekp@soup.io,1 Kim Plaza,521-730-6202,579387,50-8577032
39-9581673,Merralee Paylor,62,mpaylorkq@purevolume.com,8473 Novick Lane,132-829-6834,,72-9289306
37-2200423,Deana Lerven,30,dlervenkr@icio.us,43978 Arizona Parkway,646-744-1884,568087,79-8253747
63-7162529,Jesse Kitto,,,901 3rd Court,635-907-2532,251146,84-8175872
84-4276486,Briney Frotton,,bfrottonkt@cornell.edu,6112 Lukken Pass,567-526-2369,,56-0546575
10-9547555,Lauren Nyles,46,lnylesku@technorati.com,2778 Mariners Cove Drive,766-384-5907,393086,61-9845006
03-8520193,Anatola Oldmeadow,36,aoldmeadowkv@yellowbook.com,153 Eliot Crossing,472-441-2025,380240,16-4080011
31-0445425,Worth Glanville,62,wglanvillekw@skype.com,6497 Evergreen Center,797-168-7341,268574,
07-2524366,Kipper Poplee,25,kpopleekx@jigsy.com,7803 Colorado Junction,581-520-8755,540841,95-6051463
11-1837639,Gerald Thireau,38,gthireauky@tripadvisor.com,502 Westend Avenue,225-652-7479,474714,67-2974750
85-0809096,Dev Tucknutt,88,dtucknuttkz@rakuten.co.jp,623 Ruskin Place,182-915-2077,91595,79-6187551
14-5881220,Lorianne Dran,24,,966 Porter Hill,332-660-5531,,70-4619411
27-6760931,Natividad Krinks,45,nkrinksl1@pagesperso-orange.fr,,337-493-4484,245875,02-7837898
24-4883191,Abdul Gibberd,74,agibberdl2@google.com.au,30635 Sunnyside Avenue,353-753-6361,577258,78-3592118
94-8161517,Odessa Rusk,68,oruskl3@istockphoto.com,16045 8th Terrace,931-641-0781,,00-9567177
92-7962197,Camella Piggrem,60,cpiggreml4@phpbb.com,30 Trailsway Hill,286-971-7261,,76-5993625
09-1945378,Vikki Godon,58,vgodonl5@illinois.edu,4 Sheridan Hill,103-422-3765,,18-1772461
53-0148021,Wolfie Bootyman,,wbootymanl6@ning.com,78 Ohio Point,565-893-1461,94604,85-5574039
14-3728559,Eachelle Kennaird,49,ekennairdl7@samsung.com,0022 Burrows Pass,207-457-0708,294914,81-8957734
61-1146801,Marcellus Labbez,88,mlabbezl8@biglobe.ne.jp,37069 East Road,817-151-2264,,19-9920856
49-7886213,Georges McKendo,57,gmckendol9@google.it,2147 Clove Hill,835-557-2874,199643,55-1323535
36-6890221,Deb Piggins,,dpigginsla@surveymonkey.com,14586 Union Way,327-259-5340,402690,38-9148780
69-4444383,Reynolds Shallo,54,,913 Schlimgen Way,969-702-0002,536538,
47-7280043,Moises McGettigan,61,mmcgettiganlc@theatlantic.com,5 Northport Junction,494-311-5631,628027,23-2736690
80-3759453,Marika O'Callaghan,73,mocallaghanld@netscape.com,31 Clarendon Junction,687-223-6244,,02-1204330
04-6819545,Gussi Dimanche,32,gdimanchele@ucla.edu,,776-607-6199,,48-6757845
84-8571989,Betty Lidster,42,blidsterlf@marriott.com,8122 Menomonie Parkway,625-742-2969,12341,41-5724462
74-9260397,Lonnie Macrow,73,lmacrowlg@godaddy.com,771 Fairfield Pass,954-822-1877,,
76-6404864,Jervis Sidary,29,jsidarylh@indiegogo.com,1498 Aberg Drive,220-192-1994,582100,50-5683792
30-9190153,Issie Clampe,54,iclampeli@amazon.co.uk,9854 Darwin Park,893-577-9724,50265,53-7081877
58-3505631,Lew Hattiff,25,,401 Texas Alley,309-478-5572,181424,87-7638147
10-8471629,Carmelle Jakeway,85,cjakewaylk@hatena.ne.jp,623 Westport Terrace,260-750-3465,462333,84-0882504
42-2631091,Ashton Lambertini,70,alambertinill@ox.ac.uk,17661 Golden Leaf Lane,173-716-8455,,28-2570862
57-5780882,Aurelia Bassick,33,abassicklm@webmd.com,,632-636-3321,334474,37-2525090
82-6068188,Johann Robertshaw,30,jrobertshawln@etsy.com,44 Bellgrove Lane,227-382-1263,,14-0195395
87-6583717,Shaine Somerlie,59,ssomerlielo@photobucket.com,753 Cherokee Hill,657-632-6061,471918,95-3319391
68-3459825,Nissy Haughian,43,nhaughianlp@kickstarter.com,4 Cardinal Avenue,244-192-6594,292939,33-7940701
96-6328671,Ramsey Kender,83,,165 Mariners Cove Circle,235-692-8016,438491,77-8410314
76-9368074,Ellwood Heppner,41,eheppnerlr@marketwatch.com,51872 Farragut Street,480-344-1426,,43-4097157
21-8633992,Gardy Snarie,84,gsnariels@pagesperso-orange.fr,2 Waubesa Court,369-348-3594,507891,81-3109824
99-6403714,Even Claybourn,24,eclaybournlt@github.com,7 Drewry Alley,330-187-5528,,52-2511031
24-9614796,Gil Pucknell,81,gpucknelllu@indiegogo.com,423 Oak Valley Court,727-209-0095,,59-7756756
43-7213786,Meade Butland,78,mbutlandlv@vimeo.com,39578 Westridge Alley,214-747-0562,89898,11-0679998
71-1762340,Nita Sherebrook,20,nsherebrooklw@ask.com,88447 Gerald Hill,305-899-2320,641382,17-4362094
34-9565117,Nessi Shemmin,59,nshemminlx@creativecommons.org,37114 Sullivan Court,681-892-1826,647902,66-1012114
96-7861886,Chrissie Farragher,73,cfarragherly@cnn.com,3 Debra Junction,189-380-3111,654107,39-3719087
36-4731859,Dorelia Kyle,55,dkylelz@so-net.ne.jp,202 Sachtjen Drive,609-608-6178,55664,92-8818158
57-7064707,Donalt Surman-Wells,58,dsurmanwellsm0@reuters.com,309 Coleman Terrace,466-151-7423,145863,48-4077724
41-5548947,Meggie Burleigh,60,mburleighm1@unblog.fr,38 Michigan Drive,692-957-7429,361550,54-3053283
47-1203695,Charlot Verna,42,cvernam2@chronoengine.com,871 Menomonie Drive,341-710-0161,,17-2932102
15-9865015,Daisi Hegden,65,,2 Waxwing Street,702-697-9749,48598,99-9711273
35-4010392,Sherilyn Pendrid,56,,8953 Lakewood Gardens Road,434-373-2192,285397,35-7933849
99-0390944,Sheela Caruth,36,scaruthm5@domainmarket.com,4 Bartillon Lane,881-219-0470,541715,90-7051492
41-7497718,Maura Gwillyam,85,mgwillyamm6@merriam-webster.com,41 Rigney Place,259-189-3044,284052,06-5954211
74-3256984,Codee Pappin,,cpappinm7@mit.edu,7753 Everett Street,659-355-1590,144810,88-8848094
23-0776134,Xenia Asling,62,xaslingm8@wunderground.com,4360 Express Parkway,531-336-1061,128372,62-8509685
84-5156952,Daryl Fernihough,45,dfernihoughm9@nytimes.com,50778 American Park,758-569-3596,,
47-5136579,Garrett Gripton,59,ggriptonma@census.gov,54958 Springview Hill,375-844-4539,,20-5820719
15-3200156,Tory Aherne,50,tahernemb@dell.com,,834-140-2733,415065,95-6251837
64-1562488,Hillery Plowes,76,hplowesmc@flickr.com,81954 Shoshone Court,551-306-1148,136537,
52-7443560,Bryn Iwanowicz,71,biwanowiczmd@imageshack.us,4306 Pond Drive,561-523-2720,410074,59-9284546
92-1539997,Florencia Duggleby,,fdugglebyme@multiply.com,21778 Derek Drive,978-329-1978,,94-6771391
01-4781728,Cullie Blacksell,56,cblacksellmf@google.com.hk,47 Bobwhite Lane,354-995-8744,,09-9704892
42-4386552,Annemarie Treacher,76,atreachermg@mayoclinic.com,58585 Laurel Road,536-888-3246,635109,69-7664525
38-9630740,Emelen Casse,47,ecassemh@webeden.co.uk,2 Red Cloud Junction,187-411-9503,,46-6027681
98-0741169,Eydie Crossthwaite,40,ecrossthwaitemi@diigo.com,3 Loomis Avenue,235-560-4335,92626,74-6931396
42-9746969,Annette Stellin,25,astellinmj@twitpic.com,6 Dahle Pass,961-596-7953,552685,31-1755946
32-7287583,Louis Mabbutt,32,,34 Talisman Place,524-693-0164,467906,45-3102443
56-0478378,Trudi D'Errico,,tderricoml@cocolog-nifty.com,5 Melby Road,374-870-3188,111389,87-7424819
09-3668570,Rebecca Rentelll,,rrentelllmm@elpais.com,9982 Packers Junction,803-597-6852,,29-0478906
07-7374839,Yoshiko Gulland,68,ygullandmn@acquirethisname.com,622 Spenser Avenue,583-843-3828,42412,51-8657888
36-7240148,Alie Portis,27,aportismo@oakley.com,99145 Jenifer Hill,877-123-0225,,
62-2249963,Nev Capes,34,ncapesmp@sciencedirect.com,,415-957-9453,655221,65-7619219
61-2318739,Meris Wardhaugh,46,mwardhaughmq@baidu.com,797 Butterfield Junction,187-181-8143,535876,87-0679636
35-4179709,Walt Palser,17,wpalsermr@sfgate.com,6042 Eliot Circle,245-224-5489,303207,68-4075273
46-3288905,Vinnie Ashburner,46,vashburnerms@addtoany.com,66169 Sundown Pass,532-775-8317,,80-6590427
93-4335503,Moria Dufton,38,mduftonmt@pinterest.com,85724 Spenser Junction,658-800-2567,,61-4974928
08-4498733,Pollyanna Crosskill,,pcrosskillmu@gov.uk,0931 Kings Parkway,226-295-8695,420342,16-1004794
40-9565162,Zorah Wannell,33,zwannellmv@ow.ly,36059 Bartillon Road,985-708-2251,448473,54-9390473
28-2299927,Anni McQuin,43,amcquinmw@harvard.edu,546 Mandrake Crossing,546-742-1828,372476,50-5784044
39-8918468,Pansie Smeeth,48,psmeethmx@nih.gov,867 Granby Way,901-109-9878,,51-3232317
96-1526323,Irwin Cruikshanks,37,icruikshanksmy@1und1.de,965 Annamark Pass,119-210-7328,632413,71-3230048
46-0165573,Victor Agneau,,vagneaumz@rediff.com,592 Sugar Terrace,331-101-0393,516019,39-2177908
25-3169096,Marketa Wenden,72,mwendenn0@dagondesign.com,34 Dexter Center,786-648-4243,213941,
25-9966942,Sampson Bannon,61,sbannonn1@slate.com,22958 Monterey Place,751-242-5014,276659,31-6038079
04-4042947,Ron Tease,51,rteasen2@vinaora.com,71621 Old Gate Court,700-134-4504,,65-2223150
51-3478512,Corella Razoux,20,crazouxn3@epa.gov,,899-131-2886,,17-4015176
46-0384118,Hartley Glanister,56,hglanistern4@infoseek.co.jp,06374 Mariners Cove Lane,278-708-6302,243173,40-9739828
55-0000485,Gary Brightling,74,gbrightlingn5@google.ru,86501 Kinsman Circle,101-715-8766,545133,16-9982901
62-8006258,Eveleen Penna,51,epennan6@joomla.org,44 Macpherson Park,617-782-6601,9275,55-3957592
34-5067462,Elisha Giorgielli,52,egiorgiellin7@photobucket.com,04 Prairieview Park,318-691-2250,654232,
92-0398847,Ginnifer Mungan,25,gmungann8@senate.gov,81 Morningstar Court,533-485-2140,,66-4291078
39-2754341,Boycie Spruce,55,bsprucen9@foxnews.com,4834 Kingsford Point,562-740-2268,313891,60-4675145
25-4053210,Ninnette Heintz,76,nheintzna@abc.net.au,93257 Oak Valley Drive,489-217-4898,571007,65-8434599
14-6026197,Britteny Sclater,85,bsclaternb@bizjournals.com,34510 Truax Street,305-165-1702,62565,06-2196549
75-5516393,Farlay Beazey,45,fbeazeync@archive.org,,207-571-1528,54258,99-5364612
48-9365067,Sherm Massimi,19,,7095 Barnett Center,373-819-6526,,99-8750306
83-1472544,Hillyer Brearty,85,hbreartyne@rediff.com,9597 Corry Alley,486-782-5182,527673,52-5285816
44-1035945,Gar Warwicker,61,gwarwickernf@chron.com,995 Kedzie Lane,710-852-1970,177738,69-1744533
68-3924831,Darell Boulstridge,25,,7491 Eagle Crest Lane,930-544-0522,202848,36-9451309
40-1556617,Gretta Bulfield,55,gbulfieldnh@cnet.com,23363 Lake View Street,878-952-8232,623267,43-6062067
36-9962026,Ronni Moline,69,rmolineni@usda.gov,704 Clyde Gallagher Parkway,936-307-6979,211264,
85-3424797,Maisie Altoft,88,,173 Melrose Drive,654-164-2090,,04-7971818
62-3182975,Leena Simoncini,50,lsimoncinink@reverbnation.com,304 Butterfield Hill,473-390-0265,40123,97-0091323
50-3256530,Stanton Margrett,42,smargrettnl@hugedomains.com,86979 Hovde Place,964-537-8454,174764,71-9876013
17-3957706,Olav Dyster,40,odysternm@so-net.ne.jp,,240-439-2207,,82-0922035
24-4621170,Lou Alvar,43,lalvarnn@tamu.edu,9 Eliot Plaza,383-918-8202,,56-9344187
53-6187386,Wyatan Mowat,19,wmowatno@va.gov,321 Armistice Terrace,304-480-4193,463019,04-9219856
56-8474577,Junie Trembley,20,jtrembleynp@who.int,4934 Waxwing Hill,783-732-6190,124566,76-9870935
21-9579763,Wallache Give,85,,,495-134-7969,448085,93-8230370
43-2702045,Daniela Mallatratt,75,dmallatrattnr@shareasale.com,284 Loomis Park,252-826-5019,609021,39-5286294
39-9996059,Gaultiero Dibbert,,gdibbertns@nifty.com,,670-675-4905,500677,34-4991598
83-3330088,Ettie Collard,52,ecollardnt@over-blog.com,,784-929-7723,178759,62-3660011
15-4643890,Shina Dudhill,29,,32072 Oriole Trail,812-552-3243,,61-9251919
47-6251269,Mariann Halliberton,32,mhallibertonnv@booking.com,1071 Comanche Avenue,931-207-8518,363888,49-8200521
86-3120505,Liz Gloves,84,lglovesnw@discovery.com,265 Bowman Parkway,746-737-3284,625282,16-5652489
68-3312281,Cristiano Halsall,,chalsallnx@mlb.com,817 Golf Course Plaza,110-585-5775,56252,92-4855766
43-8703487,Husain Santo,,hsantony@t.co,556 Fuller Place,155-476-6318,588671,08-4710734
91-4810942,Correna Fisby,79,cfisbynz@google.ca,5 Holmberg Place,362-695-1694,335682,96-4242011
18-0156175,Gratia Darlison,,gdarlisono0@smh.com.au,477 Mallard Terrace,236-349-0002,129865,57-4436550
52-9293308,Liliane Fluck,83,lflucko1@sitemeter.com,752 Clyde Gallagher Park,412-208-9822,431594,
24-0426779,Angil Orsman,57,aorsmano2@newsvine.com,1256 Sherman Street,155-161-6533,548497,98-1220699
72-9866359,Zarah Sicily,76,zsicilyo3@webnode.com,71231 Menomonie Avenue,280-373-7355,402305,52-3432661
58-9678654,Eva Drewell,69,edrewello4@homestead.com,00 Lakewood Gardens Way,341-389-1675,570838,02-5360780
16-7597215,Adella Merwe,17,,32 Lake View Avenue,208-469-6925,404552,
55-3775285,Ranice Cunnah,79,,565 South Trail,354-221-5215,659207,64-4363968
47-7124494,Angil Bathersby,25,abathersbyo7@pen.io,6 Sachs Junction,367-926-7957,288793,56-3851392
40-4397488,Buddy Bayns,54,bbaynso8@example.com,34623 Eggendart Avenue,773-980-7385,409151,92-5069690
62-4495316,Rice Chowne,35,rchowneo9@ox.ac.uk,127 Mandrake Court,806-465-2653,115617,05-8467232
67-3621487,Kendre Ansill,33,kansilloa@bizjournals.com,3 Southridge Terrace,822-125-2111,145878,18-5312632
78-1638411,Willi Jobern,27,wjobernob@ow.ly,7867 Chive Circle,714-458-1466,108166,09-7622209
74-5913409,Allan Short,,,10 Mcbride Center,437-356-1117,,64-6470936
98-3070787,Lilas Skellington,31,lskellingtonod@1und1.de,861 Texas Street,996-737-8967,310664,12-0509066
08-1444774,Jacintha Eastmond,18,jeastmondoe@virginia.edu,9750 Golf Course Court,672-649-7482,,94-6564228
90-5917105,Nady Mackney,23,,38836 Kropf Trail,431-936-0146,480394,63-6578095
16-9551642,Catlaina Treadger,52,ctreadgerog@latimes.com,,442-574-0351,196796,96-3822617
64-5127644,Gustave Delap,,gdelapoh@aboutads.info,558 Kingsford Alley,833-787-0414,236596,29-7000378
62-6770551,Sada Brotheridge,23,sbrotheridgeoi@quantcast.com,66969 Shoshone Road,569-856-6086,306004,
70-2231266,Clio Tumber,78,ctumberoj@stanford.edu,76175 Commercial Pass,176-602-7160,,17-5471663
42-3328924,Buiron Droogan,60,,7 Jana Hill,305-609-4551,528194,81-9061744
87-6519714,Rheta Ellicombe,32,,68179 Oneill Terrace,538-934-9888,42705,65-9930508
75-7779664,Abdel Trenaman,25,atrenamanom@de.vu,96395 Bartillon Street,366-655-1682,136211,35-4188355
27-2886026,Imelda Freshwater,19,ifreshwateron@theglobeandmail.com,76817 Shelley Park,904-710-0316,78155,38-3268628
15-6205804,Missy Brickner,62,mbrickneroo@tiny.cc,8 Calypso Pass,881-447-6675,369309,10-1954910
18-8408146,Radcliffe Vlahos,39,rvlahosop@wordpress.com,65935 Lindbergh Center,962-423-5367,140607,91-3986008
68-2362963,Seymour Shillingford,49,sshillingfordoq@omniture.com,294 Veith Circle,114-108-1240,536105,89-5175250
78-9606712,Loy Pinnion,32,lpinnionor@github.com,5 Marquette Trail,404-535-4076,481115,38-1076102
23-4015927,Dosi Branchflower,47,dbranchfloweros@joomla.org,21695 Golf Parkway,769-843-7037,81019,08-8177633
93-8427396,Jedediah Skotcher,45,jskotcherot@nih.gov,7 Sauthoff Point,554-974-3564,60586,09-3486145
98-0765333,Roxie Aizic,75,raizicou@tamu.edu,8458 Myrtle Crossing,859-478-9496,,33-3332901
26-2402583,Rees Blais,44,,75262 Sutherland Crossing,597-344-5631,271999,15-8769711
51-1757274,Marie Lampard,26,mlampardow@auda.org.au,9897 Butterfield Way,132-335-9873,,60-0957518
87-9073080,Jody Ballance,54,jballanceox@surveymonkey.com,7029 Banding Junction,426-349-5130,48855,78-0842993
09-4646610,Kalinda Kilius,,kkiliusoy@arstechnica.com,3 Hayes Hill,403-678-2415,,51-3621025
60-5602688,Shayne Marcinkowski,33,smarcinkowskioz@vistaprint.com,03092 Bowman Terrace,256-926-1058,198022,
79-7605153,Valerie Gabbitis,88,vgabbitisp0@jugem.jp,940 La Follette Crossing,697-790-8778,476221,83-3898013
80-9035967,Ainslie Sodory,42,asodoryp1@usa.gov,21 Monica Pass,239-466-0255,136812,90-3121048
95-0328409,Derward Zuenelli,30,dzuenellip2@parallels.com,55777 Dakota Terrace,728-763-0307,309610,87-7739735
59-2615127,Cordy Ramsdale,73,cramsdalep3@yahoo.com,,569-442-7805,261448,74-2049331
34-2671366,Kaye Chyuerton,52,kchyuertonp4@dion.ne.jp,,326-473-1487,,49-5511905
38-0812431,Pandora Nevison,36,pnevisonp5@unicef.org,0 Banding Court,306-961-9562,67738,94-0495231
44-8629296,Jillie Cullity,63,,3 Dexter Parkway,331-472-3596,400575,33-8603668
77-8401784,Kalil Moorcroft,80,kmoorcroftp7@google.com.br,0 6th Junction,181-862-0230,534718,74-4421283
96-1589925,Roxy Beeton,80,,05 Golf Course Avenue,712-866-0662,521176,47-8506565
84-3439951,Rodd Cresar,80,rcresarp9@dmoz.org,82 Farragut Avenue,928-787-3970,600454,42-2984984
81-2545596,Leigh Brothwell,62,lbrothwellpa@umich.edu,76965 Hoard Pass,448-919-6166,,05-2715531
11-5350843,Clarey Fosbraey,61,cfosbraeypb@cbc.ca,98873 Arapahoe Point,847-776-7114,507615,46-1555655
87-4385210,Alexio Johnys,63,ajohnyspc@discuz.net,2 Starling Avenue,496-304-5425,,12-9001120
30-7020293,Kial Van der Kruys,46,kvanpd@nationalgeographic.com,5 Kenwood Circle,160-556-1789,302646,56-4798534
49-3627337,Stephie Eacle,,,575 Eastwood Drive,679-168-0527,489919,
75-5338931,Mureil McRobert,31,mmcrobertpf@google.fr,48173 Forest Run Parkway,218-690-7177,548202,
67-6009775,Filbert Flory,83,fflorypg@hexun.com,,438-903-8659,227112,89-4868154
52-5775511,Gilbertina Bergeon,57,gbergeonph@oaic.gov.au,646 Vermont Park,544-820-9930,,91-7276070
40-7816426,Kaile Haycock,61,khaycockpi@cargocollective.com,310 Clyde Gallagher Center,654-958-8155,275113,39-5041046
79-6520566,Tabbitha Rosin,23,trosinpj@plala.or.jp,66750 Bayside Plaza,706-721-4556,376673,70-1260621
36-9128688,Ealasaid Oneill,24,eoneillpk@ow.ly,578 Fisk Junction,717-294-6927,,12-9516662
41-2993012,Vannie Redfield,32,vredfieldpl@paginegialle.it,142 Utah Trail,844-293-7229,,13-0579060
62-6537737,Hoebart Roizin,60,hroizinpm@vkontakte.ru,6312 Portage Lane,502-834-6331,428716,74-0664110
07-3922146,Sydelle Iwanowicz,46,siwanowiczpn@smugmug.com,73 Lien Crossing,401-355-3177,550064,
09-3339182,Ilyssa Tandy,59,,5 Waywood Drive,628-979-0063,618583,57-2395898
49-3501744,Hedda Loos,29,hloospp@jiathis.com,767 Mayer Street,558-118-4182,497009,48-0818806
78-7426509,Maryl Arangy,78,marangypq@so-net.ne.jp,88555 Mandrake Center,647-816-8598,,
09-7730077,Aeriela Paunsford,,apaunsfordpr@examiner.com,7 Pearson Center,592-414-6689,,51-5571040
14-3727000,Winifield Allday,86,walldayps@mozilla.com,67 Utah Hill,789-974-3888,407377,64-5859672
10-0828171,Elinor Alben,59,ealbenpt@ustream.tv,62137 Kipling Park,548-803-6842,,55-7241960
53-4573140,Jereme Walster,17,jwalsterpu@gizmodo.com,,465-135-6559,323260,87-4633646
37-5771843,Poul Fereday,29,pferedaypv@ucoz.com,33 Twin Pines Plaza,344-206-6405,235875,67-9842926
33-6952170,Crystie Gronw,31,,2 Bonner Plaza,267-557-0815,580662,43-0162979
20-8977284,Lorilyn Aspell,16,laspellpx@plala.or.jp,9932 Hauk Park,648-356-6879,195206,86-6099501
88-3401377,Hoyt Ciccetti,52,hciccettipy@china.com.cn,16343 Sunbrook Circle,236-630-5522,,19-3472456
05-9337530,Kessia Richards,82,krichardspz@samsung.com,61 Killdeer Lane,816-226-0594,546648,08-3827087
29-9600457,Chelsea Bilton,20,,04 Crownhardt Alley,458-569-4097,584450,96-9066565
06-5139368,Reginald Brankley,68,rbrankleyq1@deliciousdays.com,,266-593-4764,135177,93-4329691
30-5590363,Stearne Skatcher,88,sskatcherq2@taobao.com,21290 American Junction,291-176-1589,18209,83-7949334
38-6351338,Trisha Ramsier,57,tramsierq3@mit.edu,82 Killdeer Place,212-905-9026,,84-5573909
92-4021101,Athene Percy,52,apercyq4@ucla.edu,5 Evergreen Place,437-987-5947,28990,75-1331366
33-1531463,Alexio Headly,66,aheadlyq5@usda.gov,86 Hayes Alley,721-750-3850,327096,92-7438229
19-4955883,Junia Crookall,53,jcrookallq6@house.gov,55 Derek Avenue,576-432-0422,,92-0536521
92-5635097,Eleanora Simchenko,56,esimchenkoq7@latimes.com,8345 Sachtjen Avenue,115-296-4236,147842,56-9812272
55-9571951,Fiorenze Henriquet,62,,2 Washington Circle,318-509-0698,,62-5339343
28-3088573,Sena Gallen,34,sgallenq9@sogou.com,32 Talisman Point,213-377-5509,,61-3554267
71-9659412,Clarine MacMychem,17,cmacmychemqa@ihg.com,634 Elgar Road,619-692-5251,111849,31-6643779
24-3101371,Jorgan MacMenamie,40,jmacmenamieqb@naver.com,3977 Carpenter Alley,198-652-6762,618154,55-5675916
87-2219761,Harriot Tirrell,46,,1033 Union Center,454-518-3266,295819,63-7333592
79-6964434,Asher Banbrick,52,abanbrickqd@hao123.com,128 Dunning Crossing,238-363-0220,585113,12-8016036
73-4896562,Marna Buzine,60,mbuzineqe@acquirethisname.com,5343 Old Gate Terrace,720-425-5807,409857,75-7416841
06-0845859,Skipp Denny,,sdennyqf@pinterest.com,679 Columbus Crossing,761-106-8713,94364,55-7729727
40-0038090,Lonnie Galbraith,16,,5061 Rigney Avenue,310-341-7901,503035,21-8760387
98-7165057,Paulina Guiso,50,pguisoqh@newyorker.com,3 Tennyson Avenue,917-434-5565,213927,55-3501800
19-9868393,Berta MacRannell,44,bmacrannellqi@europa.eu,9520 Tony Point,284-928-1174,201512,45-3553428
83-3220096,Jake Castellaccio,57,jcastellaccioqj@typepad.com,6 8th Avenue,191-563-0468,24450,15-8849454
35-2546727,Lauri Muncaster,65,lmuncasterqk@loc.gov,6 Steensland Court,735-175-8709,69994,35-9927198
59-3950606,Prue Stubs,23,pstubsql@pagesperso-orange.fr,06749 Ruskin Center,565-364-2593,401518,63-8144371
74-3398645,Wallis Damrell,,,,906-689-6589,158376,
60-5702206,Garrik Behrend,17,gbehrendqn@alibaba.com,375 Bluestem Place,660-799-5786,187084,00-8955828
92-6237007,Aggi Philippsohn,50,aphilippsohnqo@is.gd,18165 Holmberg Center,816-178-6739,73727,02-0272133
65-6641102,Odo Alvaro,36,oalvaroqp@goo.ne.jp,38 Oxford Center,419-593-0060,305363,29-9219465
83-4004434,Analiese Hans,16,,34 Chinook Center,206-857-1865,,41-9475481
61-7039032,Sigfrid Hamber,86,,125 Cottonwood Drive,511-850-0654,452408,
21-9733711,Sheila-kathryn Crowter,58,,78978 Loeprich Trail,486-811-3048,,60-1894048
33-3877167,Norry Gibbings,74,ngibbingsqt@squidoo.com,26 Charing Cross Crossing,187-730-4136,,31-4752244
48-3773504,Penn Ducker,87,,757 Lakewood Gardens Center,487-872-3897,363499,77-1972645
21-1446078,Tonnie Bownas,25,tbownasqv@opensource.org,2705 Swallow Parkway,286-242-2346,427666,78-5692689
27-2144066,Marnia Popley,,mpopleyqw@symantec.com,0 Helena Parkway,327-763-5073,541973,23-6399971
27-4511765,Chic Marcam,88,cmarcamqx@pbs.org,0 Florence Lane,104-373-7927,,80-5695760
45-6626210,Lana Petroff,39,lpetroffqy@miitbeian.gov.cn,72 Daystar Center,429-544-2670,,39-7269414
72-0262572,Sidonia Sinden,61,ssindenqz@odnoklassniki.ru,226 Warrior Alley,215-932-9654,303375,43-4056891
03-4395372,Pat Copnar,56,pcopnarr0@google.co.jp,11 Meadow Vale Way,581-964-0950,124400,43-5910696
72-2954959,Inge Ludvigsen,61,iludvigsenr1@fda.gov,857 Raven Court,771-568-6996,62326,34-3808305
82-9621054,Elset Horry,50,ehorryr2@ameblo.jp,75 Pennsylvania Trail,525-390-5278,,53-5347219
11-5564849,Kessiah Cockshut,29,kcockshutr3@spotify.com,75 Lakewood Gardens Hill,879-911-1439,175613,
69-9497860,Carena Morffew,76,,41 Florence Circle,925-982-1657,270319,60-1000432
04-0837588,Donetta Gabbidon,55,dgabbidonr5@jimdo.com,58 Dixon Hill,946-517-1991,290745,52-6037342
46-1157745,Keslie Burndred,61,kburndredr6@e-recht24.de,23 Riverside Alley,640-235-2381,64058,15-4015045
85-7805087,Jordain Aitchinson,48,jaitchinsonr7@com.com,3 Grayhawk Terrace,410-489-8960,,46-4201824
59-1185585,Pearle Mannin,50,pmanninr8@furl.net,648 Bashford Trail,868-828-8328,491943,
48-0186542,Nollie Martelet,18,nmarteletr9@umn.edu,4134 Declaration Park,756-364-3753,297815,99-8744602
75-9927939,Suzanna Keyser,43,skeyserra@netlog.com,1009 Dorton Parkway,959-384-6951,554691,40-8196289
80-2135176,Jephthah Renzullo,78,jrenzullorb@businesswire.com,32876 Hollow Ridge Point,513-320-8777,631300,83-6623465
17-5216667,Reena Richt,59,rrichtrc@chronoengine.com,728 Cottonwood Alley,884-659-4599,487173,84-5166061
43-4321497,Zechariah Orwell,27,,008 Barby Parkway,365-129-9594,588236,64-7044928
13-1314247,Kristofor Morando,51,kmorandore@1688.com,81 Bartelt Alley,965-963-0046,554808,57-2600092
82-9119153,Gayleen Henniger,,ghennigerrf@squarespace.com,747 Westport Park,484-787-1020,451445,72-4241686
39-9332634,Anna-maria O'Quin,35,aoquinrg@etsy.com,8297 Nobel Circle,873-431-8054,197099,11-0825981
44-7203676,Betti Cuel,76,bcuelrh@free.fr,751 Main Place,390-209-5039,463595,90-0824753
75-1150384,Ernaline Novik,76,enovikri@google.es,4383 Arizona Alley,999-621-2705,297598,69-8539974
71-4298001,Harriott Juszczak,60,hjuszczakrj@cbsnews.com,6264 Kenwood Circle,140-296-8407,525168,55-8071443
43-0474658,Bert Loakes,85,bloakesrk@feedburner.com,52433 Vera Point,376-305-0137,597380,98-6324821
50-1626573,Dugald Budgett,19,dbudgettrl@mail.ru,468 Corry Drive,391-957-5836,,
88-8135964,Nani Heamus,81,nheamusrm@macromedia.com,1502 Sauthoff Junction,350-264-3705,,17-9461012
88-3114549,Paige Marzelo,54,pmarzelorn@spiegel.de,901 Spohn Hill,639-575-7625,436800,19-3860523
43-7099027,Flint McCrae,47,fmccraero@tinyurl.com,708 Ryan Place,243-910-2248,133898,36-0923368
00-8254353,Merrie Sibun,43,msibunrp@paginegialle.it,95 Jana Alley,325-788-2291,4070,34-8540914
93-5885871,Sean Sarfat,56,ssarfatrq@canalblog.com,634 Spohn Lane,426-220-1296,411147,07-3399157
31-1340840,Kandy Heaker,,,33 Farragut Hill,866-436-1176,473291,
